target,shape_column,angle_deg,positive_mean,negative_mean,mean_diff,abs_mean_diff,horizon_frames
is_observed_division,shape_r_norm_005,28.125,1.1149247427946432,1.0799452662618658,0.03497947653277733,0.03497947653277733,
is_observed_division,shape_r_norm_027,151.875,1.112053775887519,1.0782242963634434,0.03382947952407567,0.03382947952407567,
is_observed_division,shape_r_norm_026,146.25,1.0649818273300014,1.031983343043739,0.032998484286262286,0.032998484286262286,
is_observed_division,shape_r_norm_017,95.625,0.7669180505757163,0.7995450585533088,-0.03262700797759255,0.03262700797759255,
is_observed_division,shape_r_norm_016,90.0,0.7656869654248472,0.7967443314823676,-0.031057366057520408,0.031057366057520408,
is_observed_division,shape_r_norm_018,101.25,0.7761524677287679,0.8063518232609509,-0.030199355532183003,0.030199355532183003,
is_observed_division,shape_r_norm_038,213.75,1.0625177583763517,1.0328284242334154,0.029689334142936286,0.029689334142936286,
is_observed_division,shape_r_norm_004,22.5,1.154915891283319,1.125450189765277,0.029465701518041953,0.029465701518041953,
is_observed_division,shape_r_norm_015,84.375,0.7697506029586121,0.7985773543603991,-0.028826751401787032,0.028826751401787032,
is_observed_division,shape_r_norm_037,208.125,1.1074196547290371,1.078720645620386,0.028699009108651197,0.028699009108651197,
is_observed_division,shape_r_norm_028,157.5,1.152538700495315,1.1241761965459578,0.028362503949357132,0.028362503949357132,
is_observed_division,shape_r_norm_006,33.75,1.0620179073986795,1.0337948132612889,0.02822309413739066,0.02822309413739066,
is_observed_division,shape_r_norm_019,106.875,0.7912013971876741,0.818188715115062,-0.026987317927387844,0.026987317927387844,
is_observed_division,shape_r_norm_039,219.375,1.015152532953516,0.9891113459303352,0.026041187023180812,0.026041187023180812,
is_observed_division,shape_r_norm_020,112.5,0.8120518020599409,0.8341104012065278,-0.02205859914658692,0.02205859914658692,
is_observed_division,shape_r_norm_014,78.75,0.7842045800646691,0.8053072895548578,-0.021102709490188665,0.021102709490188665,
is_observed_division,shape_r_norm_025,140.625,1.007745440698817,0.9882694938471225,0.019475946851694625,0.019475946851694625,
is_observed_division,shape_r_norm_046,258.75,0.7859450054904056,0.8053696432811036,-0.01942463779069803,0.01942463779069803,
is_observed_division,shape_r_norm_047,264.375,0.7789011158966815,0.7982871027669862,-0.019385986870304683,0.019385986870304683,
is_observed_division,shape_r_norm_032,180.0,1.2155464399830065,1.2337899650616766,-0.01824352507867011,0.01824352507867011,
is_observed_division,shape_r_norm_063,354.375,1.2089119555858772,1.2265664722365819,-0.01765451665070472,0.01765451665070472,
is_observed_division,shape_r_norm_003,16.875,1.185382367413068,1.1677286138096,0.017653753603467992,0.017653753603467992,
is_observed_division,shape_r_norm_040,225.0,0.9666138873051753,0.9489782743900531,0.017635612915122167,0.017635612915122167,
is_observed_division,shape_r_norm_000,0.0,1.2172148235720361,1.2347654538847972,-0.01755063031276105,0.01755063031276105,
is_observed_division,shape_r_norm_007,39.375,1.0066336552912212,0.9896436887378017,0.016989966553419444,0.016989966553419444,
is_observed_division,shape_r_norm_033,185.625,1.2092839754072389,1.2260362276845007,-0.016752252277261848,0.016752252277261848,
is_observed_division,shape_r_norm_021,118.125,0.8385483504915692,0.855225767469913,-0.016677416978343795,0.016677416978343795,
is_observed_division,shape_r_norm_036,202.5,1.1409907369198324,1.1250423064298893,0.0159484304899431,0.0159484304899431,
is_observed_division,shape_r_norm_048,270.0,0.7803634262504862,0.7961361512838905,-0.015772725033404322,0.015772725033404322,
is_observed_division,shape_r_norm_013,73.125,0.8013293479142872,0.8166982683973514,-0.015368920483064152,0.015368920483064152,
is_observed_division,shape_r_norm_029,163.125,1.1817309501054023,1.1669702539594893,0.014760696145913021,0.014760696145913021,
is_observed_division,shape_r_norm_031,174.375,1.210714023990469,1.2254539328921557,-0.014739908901686638,0.014739908901686638,
is_observed_division,shape_r_norm_054,303.75,0.8660684136038442,0.8806764762557128,-0.014608062651868536,0.014608062651868536,
is_observed_division,shape_r_norm_055,309.375,0.8979484887874826,0.9123257737735744,-0.01437728498609181,0.01437728498609181,
is_observed_division,shape_r_norm_062,348.75,1.1887615306072492,1.2022744889836372,-0.013512958376387996,0.013512958376387996,
is_observed_division,shape_r_norm_045,253.125,0.8038755713749587,0.8171350543452427,-0.013259482970284009,0.013259482970284009,
is_observed_division,shape_r_norm_059,331.875,1.0920194525901175,1.0790217394734618,0.012997713116655651,0.012997713116655651,
is_observed_division,shape_r_norm_050,281.25,0.7925538515101016,0.8051284806240736,-0.012574629113972002,0.012574629113972002,
is_observed_division,shape_r_norm_056,315.0,0.9364808055506891,0.9485018289140116,-0.012021023363322447,0.012021023363322447,
is_observed_division,shape_r_norm_041,230.625,0.9249429710755379,0.9129525939693834,0.01199037710615447,0.01199037710615447,
is_observed_division,shape_r_norm_053,298.125,0.8424530460781249,0.8540032700032961,-0.011550223925171244,0.011550223925171244,
is_observed_division,shape_r_norm_051,286.875,0.8053004845624074,0.8167006609345355,-0.01140017637212809,0.01140017637212809,
is_observed_division,shape_r_norm_024,135.0,0.9594846584468484,0.9482213480406245,0.011263310406223859,0.011263310406223859,
is_observed_division,shape_r_norm_049,275.625,0.7876851766407585,0.7984467419104277,-0.010761565269669204,0.010761565269669204,
is_observed_division,shape_r_norm_052,292.5,0.8229436921956963,0.8328363881791676,-0.009892695983471311,0.009892695983471311,
is_observed_division,shape_r_norm_034,191.25,1.193363833118431,1.203039614592591,-0.009675781474159928,0.009675781474159928,
is_observed_division,shape_r_norm_022,123.75,0.8723939303462281,0.8810417918010971,-0.008647861454868955,0.008647861454868955,
is_observed_division,shape_r_norm_008,45.0,0.9575569798907332,0.9492865815913027,0.008270398299430437,0.008270398299430437,
is_observed_division,shape_r_norm_060,337.5,1.1321088451140708,1.1242359588976043,0.007872886216466535,0.007872886216466535,
is_observed_division,shape_r_norm_009,50.625,0.9206937649959684,0.9129700086696598,0.007723756326308617,0.007723756326308617,
is_observed_division,shape_r_norm_001,5.625,1.2183735478652264,1.2258412008642805,-0.007467652999054053,0.007467652999054053,
is_observed_division,shape_r_norm_012,67.5,0.8258997030088792,0.8330463512206858,-0.007146648211806661,0.007146648211806661,
is_observed_division,shape_r_norm_042,236.25,0.8882768058297384,0.8812025708181702,0.007074235011568231,0.007074235011568231,
is_observed_division,shape_r_norm_002,11.25,1.2094212503148074,1.2027400113208184,0.0066812389939889805,0.0066812389939889805,
is_observed_division,shape_r_norm_044,247.5,0.827543282656437,0.8332848147811147,-0.005741532124677762,0.005741532124677762,
is_observed_division,shape_r_norm_058,326.25,1.038147533732829,1.0333893774734415,0.004758156259387469,0.004758156259387469,
is_observed_division,shape_r_norm_030,168.75,1.1982109391005304,1.2027441106458958,-0.0045331715453653665,0.0045331715453653665,
is_observed_division,shape_r_norm_010,56.25,0.8856555311281186,0.8814178825990242,0.004237648529094362,0.004237648529094362,
is_observed_division,shape_r_norm_061,343.125,1.1631206239662053,1.1668415119826794,-0.0037208880164740776,0.0037208880164740776,
is_observed_division,shape_r_norm_035,196.875,1.170448051848695,1.1681373553371346,0.0023106965115604616,0.0023106965115604616,
is_observed_division,shape_r_norm_043,241.875,0.8564346141809014,0.854470061580851,0.001964552600050351,0.001964552600050351,
is_observed_division,shape_r_norm_011,61.875,0.8544122498453095,0.8547986069551063,-0.0003863571097968421,0.0003863571097968421,
is_observed_division,shape_r_norm_023,129.375,0.91256876370086,0.9122382107980953,0.0003305529027647358,0.0003305529027647358,
is_observed_division,shape_r_norm_057,320.625,0.9893408362502779,0.9892951162130904,4.572003718750217e-05,4.572003718750217e-05,
division_within_3_frames,shape_r_norm_017,95.625,0.7640998159337231,0.8031118394369348,-0.039012023503211646,0.039012023503211646,3.0
division_within_3_frames,shape_r_norm_016,90.0,0.7623299728697679,0.8005081432117604,-0.03817817034199256,0.03817817034199256,3.0
division_within_3_frames,shape_r_norm_015,84.375,0.7663366724186995,0.8024895939205856,-0.03615292150188609,0.03615292150188609,3.0
division_within_3_frames,shape_r_norm_004,22.5,1.1614138601333137,1.1276043557326312,0.03380950440068253,0.03380950440068253,3.0
division_within_3_frames,shape_r_norm_005,28.125,1.117234926054797,1.0845989949378518,0.03263593111694507,0.03263593111694507,3.0
division_within_3_frames,shape_r_norm_018,101.25,0.7778489470012545,0.8103778685355121,-0.03252892153425757,0.03252892153425757,3.0
division_within_3_frames,shape_r_norm_003,16.875,1.1959674114317407,1.1655880206887879,0.030379390742952816,0.030379390742952816,3.0
division_within_3_frames,shape_r_norm_014,78.75,0.7794918938884585,0.80932511383398,-0.02983321994552146,0.02983321994552146,3.0
division_within_3_frames,shape_r_norm_026,146.25,1.0688900820852265,1.0413393691380908,0.027550712947135736,0.027550712947135736,3.0
division_within_3_frames,shape_r_norm_054,303.75,0.8603579891244257,0.8874555436709689,-0.027097554546543168,0.027097554546543168,3.0
division_within_3_frames,shape_r_norm_055,309.375,0.8932026012206641,0.9202249526808535,-0.027022351460189387,0.027022351460189387,3.0
division_within_3_frames,shape_r_norm_027,151.875,1.1114572178660416,1.0853104255618178,0.026146792304223787,0.026146792304223787,3.0
division_within_3_frames,shape_r_norm_013,73.125,0.7956965622000807,0.8210883562147372,-0.02539179401465652,0.02539179401465652,3.0
division_within_3_frames,shape_r_norm_019,106.875,0.7972628314664044,0.8224261753080563,-0.025163343841651864,0.025163343841651864,3.0
division_within_3_frames,shape_r_norm_053,298.125,0.8357749622403168,0.8598955199583349,-0.024120557718018132,0.024120557718018132,3.0
division_within_3_frames,shape_r_norm_056,315.0,0.9341441913852542,0.957541851437372,-0.023397660052117852,0.023397660052117852,3.0
division_within_3_frames,shape_r_norm_038,213.75,1.0631999542394022,1.0409709883123763,0.022228965927025834,0.022228965927025834,3.0
division_within_3_frames,shape_r_norm_039,219.375,1.0197459187094622,0.9976466533422225,0.022099265367239718,0.022099265367239718,3.0
division_within_3_frames,shape_r_norm_025,140.625,1.0192562886110441,0.9980767652349656,0.021179523376078535,0.021179523376078535,3.0
division_within_3_frames,shape_r_norm_028,157.5,1.1488209329252168,1.1279621085751945,0.020858824350022287,0.020858824350022287,3.0
division_within_3_frames,shape_r_norm_002,11.25,1.216268650190098,1.1954367198784615,0.02083193031163666,0.02083193031163666,3.0
division_within_3_frames,shape_r_norm_052,292.5,0.817469740125138,0.8378684911760487,-0.020398751050910713,0.020398751050910713,3.0
division_within_3_frames,shape_r_norm_006,33.75,1.0597417392129973,1.0398628088111619,0.019878930401835415,0.019878930401835415,3.0
division_within_3_frames,shape_r_norm_037,208.125,1.1045864937812324,1.0849970088536354,0.019589484927597045,0.019589484927597045,3.0
division_within_3_frames,shape_r_norm_051,286.875,0.8019114972099545,0.8210054420414634,-0.019093944831508947,0.019093944831508947,3.0
division_within_3_frames,shape_r_norm_020,112.5,0.8202607019210425,0.8393025754060669,-0.019041873485024396,0.019041873485024396,3.0
division_within_3_frames,shape_r_norm_012,67.5,0.8201378771639246,0.8378737868907038,-0.017735909726779187,0.017735909726779187,3.0
division_within_3_frames,shape_r_norm_040,225.0,0.9741801347319535,0.9570113153311262,0.017168819400827373,0.017168819400827373,3.0
division_within_3_frames,shape_r_norm_050,281.25,0.7922329642171935,0.8089609554919441,-0.016727991274750664,0.016727991274750664,3.0
division_within_3_frames,shape_r_norm_041,230.625,0.9356934324962887,0.9202776912670381,0.015415741229250601,0.015415741229250601,3.0
division_within_3_frames,shape_r_norm_047,264.375,0.7871121184563074,0.801730836118784,-0.014618717662476688,0.014618717662476688,3.0
division_within_3_frames,shape_r_norm_046,258.75,0.7949567486451367,0.8090409774583864,-0.014084228813249777,0.014084228813249777,3.0
division_within_3_frames,shape_r_norm_032,180.0,1.205680813845687,1.2197430094022015,-0.014062195556514556,0.014062195556514556,3.0
division_within_3_frames,shape_r_norm_042,236.25,0.90189559253182,0.8878474260837258,0.014048166448094146,0.014048166448094146,3.0
division_within_3_frames,shape_r_norm_048,270.0,0.7861287962263963,0.7994039584134163,-0.013275162187019962,0.013275162187019962,3.0
division_within_3_frames,shape_r_norm_031,174.375,1.2009937523856877,1.2133948353762203,-0.012401082990532553,0.012401082990532553,3.0
division_within_3_frames,shape_r_norm_021,118.125,0.8493218698839503,0.8614941698342143,-0.012172299950264032,0.012172299950264032,3.0
division_within_3_frames,shape_r_norm_062,348.75,1.1834529793168616,1.1955862878036185,-0.012133308486756977,0.012133308486756977,3.0
division_within_3_frames,shape_r_norm_033,185.625,1.2014043575196753,1.213475281513583,-0.012070923993907634,0.012070923993907634,3.0
division_within_3_frames,shape_r_norm_011,61.875,0.8482220301947255,0.8598205768926359,-0.011598546697910384,0.011598546697910384,3.0
division_within_3_frames,shape_r_norm_024,135.0,0.9687500610126285,0.957714758405755,0.011035302606873465,0.011035302606873465,3.0
division_within_3_frames,shape_r_norm_049,275.625,0.7910414158593951,0.8018626247399792,-0.010821208880584021,0.010821208880584021,3.0
division_within_3_frames,shape_r_norm_057,320.625,0.9887736505410802,0.9985337780281048,-0.009760127487024595,0.009760127487024595,3.0
division_within_3_frames,shape_r_norm_007,39.375,1.005868487001404,0.9962246508356403,0.009643836165763808,0.009643836165763808,3.0
division_within_3_frames,shape_r_norm_061,343.125,1.1567809525437243,1.1663916978034663,-0.009610745259742037,0.009610745259742037,3.0
division_within_3_frames,shape_r_norm_043,241.875,0.8689938854044816,0.8604005605293498,0.00859332487513187,0.00859332487513187,3.0
division_within_3_frames,shape_r_norm_036,202.5,1.1358162202234343,1.12736287629221,0.008453343931224211,0.008453343931224211,3.0
division_within_3_frames,shape_r_norm_029,163.125,1.1743105091447905,1.1659933450733944,0.008317164071396155,0.008317164071396155,3.0
division_within_3_frames,shape_r_norm_045,253.125,0.813236324805913,0.8211701901175609,-0.007933865311647859,0.007933865311647859,3.0
division_within_3_frames,shape_r_norm_034,191.25,1.186874981940262,1.194732025255131,-0.007857043314869028,0.007857043314869028,3.0
division_within_3_frames,shape_r_norm_063,354.375,1.2072776570094852,1.2144497784171726,-0.007172121407687415,0.007172121407687415,3.0
division_within_3_frames,shape_r_norm_022,123.75,0.8824379643586677,0.8887448985547783,-0.006306934196110614,0.006306934196110614,3.0
division_within_3_frames,shape_r_norm_010,56.25,0.8819658871241441,0.8868571176127757,-0.004891230488631604,0.004891230488631604,3.0
division_within_3_frames,shape_r_norm_000,0.0,1.2164054874360093,1.2210420902848689,-0.004636602848859583,0.004636602848859583,3.0
division_within_3_frames,shape_r_norm_030,168.75,1.190882380553118,1.195446539677911,-0.004564159124793132,0.004564159124793132,3.0
division_within_3_frames,shape_r_norm_058,326.25,1.0374962035126574,1.0419983421300505,-0.0045021386173931255,0.0045021386173931255,3.0
division_within_3_frames,shape_r_norm_008,45.0,0.9590887347544272,0.9554414561075723,0.00364727864685499,0.00364727864685499,3.0
division_within_3_frames,shape_r_norm_009,50.625,0.9210972490273123,0.918762026310499,0.002335222716813301,0.002335222716813301,3.0
division_within_3_frames,shape_r_norm_059,331.875,1.0885225459346621,1.086249345178098,0.002273200756564231,0.002273200756564231,3.0
division_within_3_frames,shape_r_norm_060,337.5,1.1269442579877658,1.1287627390289723,-0.001818481041206521,0.001818481041206521,3.0
division_within_3_frames,shape_r_norm_001,5.625,1.2161786302806825,1.2144172929744927,0.0017613373061897697,0.0017613373061897697,3.0
division_within_3_frames,shape_r_norm_035,196.875,1.1638211495294346,1.165332743195371,-0.0015115936659364504,0.0015115936659364504,3.0
division_within_3_frames,shape_r_norm_023,129.375,0.920425507731325,0.9209264166876895,-0.0005009089563644542,0.0005009089563644542,3.0
division_within_3_frames,shape_r_norm_044,247.5,0.8379330278381588,0.8382108063295528,-0.00027777849139398736,0.00027777849139398736,3.0
division_within_5_frames,shape_r_norm_017,95.625,0.7695781232582198,0.8033245225261737,-0.033746399267953864,0.033746399267953864,5.0
division_within_5_frames,shape_r_norm_016,90.0,0.7669495221641328,0.8006945842060418,-0.03374506204190897,0.03374506204190897,5.0
division_within_5_frames,shape_r_norm_015,84.375,0.7701181622015105,0.8026554400267848,-0.03253727782527427,0.03253727782527427,5.0
division_within_5_frames,shape_r_norm_005,28.125,1.1164384961128235,1.0849229992218061,0.0315154968910174,0.0315154968910174,5.0
division_within_5_frames,shape_r_norm_004,22.5,1.1573279549678166,1.1277454891911771,0.029582465776639477,0.029582465776639477,5.0
division_within_5_frames,shape_r_norm_018,101.25,0.7821619181169404,0.810636521719655,-0.028474603602714588,0.028474603602714588,5.0
division_within_5_frames,shape_r_norm_014,78.75,0.7826699742012554,0.8095117092671953,-0.026841735065939898,0.026841735065939898,5.0
division_within_5_frames,shape_r_norm_006,33.75,1.064742359187868,1.0403120851003633,0.024430274087504644,0.024430274087504644,5.0
division_within_5_frames,shape_r_norm_019,106.875,0.7985211211774085,0.8227255842880336,-0.024204463110625074,0.024204463110625074,5.0
division_within_5_frames,shape_r_norm_003,16.875,1.1888204448752933,1.1654075807926212,0.02341286408267207,0.02341286408267207,5.0
division_within_5_frames,shape_r_norm_026,146.25,1.0650899284415776,1.0419865864260058,0.023103342015571737,0.023103342015571737,5.0
division_within_5_frames,shape_r_norm_027,151.875,1.1088699900441699,1.0858534145032426,0.023016575540927287,0.023016575540927287,5.0
division_within_5_frames,shape_r_norm_013,73.125,0.7996041597591506,0.821304105510105,-0.021699945750954464,0.021699945750954464,5.0
division_within_5_frames,shape_r_norm_020,112.5,0.8197860583662987,0.8396577653516027,-0.01987170698530405,0.01987170698530405,5.0
division_within_5_frames,shape_r_norm_028,157.5,1.1475790739059448,1.1283032773983646,0.019275796507580267,0.019275796507580267,5.0
division_within_5_frames,shape_r_norm_062,348.75,1.1772660868035423,1.1949672528834485,-0.01770116607990624,0.01770116607990624,5.0
division_within_5_frames,shape_r_norm_038,213.75,1.0580328110191557,1.041394308874557,0.01663850214459872,0.01663850214459872,5.0
division_within_5_frames,shape_r_norm_039,219.375,1.0141764001713858,0.9980901376541597,0.016086262517226113,0.016086262517226113,5.0
division_within_5_frames,shape_r_norm_007,39.375,1.0127088089783987,0.9967098557197357,0.015998953258662962,0.015998953258662962,5.0
division_within_5_frames,shape_r_norm_061,343.125,1.1503004458215502,1.1662338952962472,-0.015933449474696992,0.015933449474696992,5.0
division_within_5_frames,shape_r_norm_025,140.625,1.0135186307960087,0.9987856637172569,0.014732967078751824,0.014732967078751824,5.0
division_within_5_frames,shape_r_norm_054,303.75,0.8734109001855056,0.8880039031422089,-0.014593002956703294,0.014593002956703294,5.0
division_within_5_frames,shape_r_norm_055,309.375,0.9062264864643415,0.9208011814716708,-0.01457469500732933,0.01457469500732933,5.0
division_within_5_frames,shape_r_norm_021,118.125,0.847352015475432,0.8619243732588213,-0.014572357783389278,0.014572357783389278,5.0
division_within_5_frames,shape_r_norm_040,225.0,0.9714859555164973,0.9574141699339052,0.014071785582592145,0.014071785582592145,5.0
division_within_5_frames,shape_r_norm_056,315.0,0.9441565308305953,0.9581933115583138,-0.014036780727718523,0.014036780727718523,5.0
division_within_5_frames,shape_r_norm_012,67.5,0.8242862375246154,0.8381371403723323,-0.01385090284771695,0.01385090284771695,5.0
division_within_5_frames,shape_r_norm_002,11.25,1.208599677019649,1.194905328473539,0.013694348546110069,0.013694348546110069,5.0
division_within_5_frames,shape_r_norm_037,208.125,1.0988625718487635,1.0853043015620703,0.013558270286693208,0.013558270286693208,5.0
division_within_5_frames,shape_r_norm_032,180.0,1.2054138229952918,1.2188331492121522,-0.013419326216860483,0.013419326216860483,5.0
division_within_5_frames,shape_r_norm_041,230.625,0.9340393291579352,0.920664434795525,0.013374894362410239,0.013374894362410239,5.0
division_within_5_frames,shape_r_norm_033,185.625,1.2000059240394167,1.2125736311159134,-0.012567707076496681,0.012567707076496681,5.0
division_within_5_frames,shape_r_norm_051,286.875,0.8087986427876684,0.8213493228996658,-0.012550680111997337,0.012550680111997337,5.0
division_within_5_frames,shape_r_norm_053,298.125,0.8478110094037321,0.8603486379371816,-0.01253762853344953,0.01253762853344953,5.0
division_within_5_frames,shape_r_norm_063,354.375,1.2010756644937728,1.2135429714570851,-0.01246730696331233,0.01246730696331233,5.0
division_within_5_frames,shape_r_norm_042,236.25,0.9003910412391026,0.8882319872211814,0.012159054017921278,0.012159054017921278,5.0
division_within_5_frames,shape_r_norm_034,191.25,1.182593337694804,1.1940714355169988,-0.011478097822194888,0.011478097822194888,5.0
division_within_5_frames,shape_r_norm_052,292.5,0.8267916044427289,0.8382452221549367,-0.011453617712207764,0.011453617712207764,5.0
division_within_5_frames,shape_r_norm_000,0.0,1.2090462969409095,1.2199958843975522,-0.010949587456642762,0.010949587456642762,5.0
division_within_5_frames,shape_r_norm_050,281.25,0.7984229268299209,0.8092843256847904,-0.010861398854869475,0.010861398854869475,5.0
division_within_5_frames,shape_r_norm_031,174.375,1.2018262737327152,1.2126021391792283,-0.0107758654465131,0.0107758654465131,5.0
division_within_5_frames,shape_r_norm_029,163.125,1.1761054936382505,1.16602179961073,0.010083694027520407,0.010083694027520407,5.0
division_within_5_frames,shape_r_norm_022,123.75,0.8800095506840282,0.8892557673911816,-0.00924621670715342,0.00924621670715342,5.0
division_within_5_frames,shape_r_norm_008,45.0,0.9650097568829854,0.9558757881479735,0.009133968735011933,0.009133968735011933,5.0
division_within_5_frames,shape_r_norm_043,241.875,0.8698196987311045,0.8608258625172616,0.008993836213842976,0.008993836213842976,5.0
division_within_5_frames,shape_r_norm_060,337.5,1.1202124065823025,1.1289869793582266,-0.008774572775924083,0.008774572775924083,5.0
division_within_5_frames,shape_r_norm_047,264.375,0.7935774225327704,0.802023988076813,-0.00844656554404255,0.00844656554404255,5.0
division_within_5_frames,shape_r_norm_046,258.75,0.8017817108167542,0.8093534614771297,-0.00757175066037552,0.00757175066037552,5.0
division_within_5_frames,shape_r_norm_048,270.0,0.7922372942169508,0.7997104123864551,-0.007473118169504356,0.007473118169504356,5.0
division_within_5_frames,shape_r_norm_009,50.625,0.926481717162662,0.9191839609446865,0.007297756217975571,0.007297756217975571,5.0
division_within_5_frames,shape_r_norm_057,320.625,0.9922224339511659,0.9992068108057683,-0.006984376854602403,0.006984376854602403,5.0
division_within_5_frames,shape_r_norm_011,61.875,0.8536660056975153,0.8601657915725308,-0.00649978587501554,0.00649978587501554,5.0
division_within_5_frames,shape_r_norm_049,275.625,0.7958538629114628,0.8021861225775029,-0.006332259666040119,0.006332259666040119,5.0
division_within_5_frames,shape_r_norm_024,135.0,0.9642178956005308,0.9583658700948405,0.005852025505690306,0.005852025505690306,5.0
division_within_5_frames,shape_r_norm_058,326.25,1.0374544590711594,1.0425791209607782,-0.005124661889618798,0.005124661889618798,5.0
division_within_5_frames,shape_r_norm_001,5.625,1.2091130283143785,1.2135455293955288,-0.004432501081150342,0.004432501081150342,5.0
division_within_5_frames,shape_r_norm_035,196.875,1.1606207241614659,1.1650306098760712,-0.004409885714605322,0.004409885714605322,5.0
division_within_5_frames,shape_r_norm_044,247.5,0.8428497930367788,0.8386198905738187,0.004229902462960067,0.004229902462960067,5.0
division_within_5_frames,shape_r_norm_036,202.5,1.1312907977236641,1.12741402815157,0.003876769572094041,0.003876769572094041,5.0
division_within_5_frames,shape_r_norm_059,331.875,1.0828617463509242,1.0866959712611377,-0.0038342249102134573,0.0038342249102134573,5.0
division_within_5_frames,shape_r_norm_023,129.375,0.9180740175975693,0.9215284365823385,-0.0034544189847691698,0.0034544189847691698,5.0
division_within_5_frames,shape_r_norm_030,168.75,1.1930573092566596,1.1950164063070954,-0.001959097050435732,0.001959097050435732,5.0
division_within_5_frames,shape_r_norm_045,253.125,0.8209474116563797,0.8215232982276448,-0.0005758865712650607,0.0005758865712650607,5.0
division_within_5_frames,shape_r_norm_010,56.25,0.8875978161891301,0.8872462403952082,0.0003515757939219766,0.0003515757939219766,5.0
division_within_10_frames,shape_r_norm_062,348.75,1.164659557271093,1.1939757432211364,-0.029316185950043483,0.029316185950043483,10.0
division_within_10_frames,shape_r_norm_063,354.375,1.1853530569915913,1.2120403323988103,-0.026687275407218936,0.026687275407218936,10.0
division_within_10_frames,shape_r_norm_005,28.125,1.1118775490071444,1.085626174160023,0.026251374847121367,0.026251374847121367,10.0
division_within_10_frames,shape_r_norm_006,33.75,1.0672714107491996,1.0411300956881167,0.02614131506108297,0.02614131506108297,10.0
division_within_10_frames,shape_r_norm_061,343.125,1.1419720562656275,1.1659311529963414,-0.023959096730713947,0.023959096730713947,10.0
division_within_10_frames,shape_r_norm_000,0.0,1.1949080715465188,1.218342047255994,-0.023433975709475252,0.023433975709475252,10.0
division_within_10_frames,shape_r_norm_016,90.0,0.7782106152857734,0.8009867590504315,-0.022776143764658086,0.022776143764658086,10.0
division_within_10_frames,shape_r_norm_007,39.375,1.0197473802370078,0.9975226555697803,0.02222472466722758,0.02222472466722758,10.0
division_within_10_frames,shape_r_norm_017,95.625,0.7820194755377394,0.8036614864345428,-0.0216420108968034,0.0216420108968034,10.0
division_within_10_frames,shape_r_norm_015,84.375,0.7815141331836972,0.8030355802286893,-0.021521447044992037,0.021521447044992037,10.0
division_within_10_frames,shape_r_norm_034,191.25,1.172066913338636,1.1930549343216732,-0.020988020983037092,0.020988020983037092,10.0
division_within_10_frames,shape_r_norm_004,22.5,1.1487700376617775,1.1281470631854096,0.02062297447636796,0.02062297447636796,10.0
division_within_10_frames,shape_r_norm_027,151.875,1.1072170008880815,1.0866313718076381,0.02058562908044337,0.02058562908044337,10.0
division_within_10_frames,shape_r_norm_033,185.625,1.1908583279406086,1.2111652680164067,-0.02030694007579803,0.02030694007579803,10.0
division_within_10_frames,shape_r_norm_032,180.0,1.1988629591598938,1.2173823992886552,-0.01851944012876139,0.01851944012876139,10.0
division_within_10_frames,shape_r_norm_026,146.25,1.0613393904118056,1.0429212989959042,0.01841809141590134,0.01841809141590134,10.0
division_within_10_frames,shape_r_norm_028,157.5,1.146904181228595,1.12873472846054,0.018169452768054928,0.018169452768054928,10.0
division_within_10_frames,shape_r_norm_018,101.25,0.7932763457967994,0.8110482495057315,-0.017771903708932113,0.017771903708932113,10.0
division_within_10_frames,shape_r_norm_035,196.875,1.1478574010316798,1.1645410549693649,-0.016683653937685117,0.016683653937685117,10.0
division_within_10_frames,shape_r_norm_008,45.0,0.9731329197294256,0.9565801310688131,0.016552788660612494,0.016552788660612494,10.0
division_within_10_frames,shape_r_norm_014,78.75,0.7941953755273354,0.8099068308361096,-0.015711455308774158,0.015711455308774158,10.0
division_within_10_frames,shape_r_norm_019,106.875,0.8075941699497708,0.8232616504043921,-0.015667480454621296,0.015667480454621296,10.0
division_within_10_frames,shape_r_norm_031,174.375,1.1957485075300553,1.2113664708369167,-0.015617963306861382,0.015617963306861382,10.0
division_within_10_frames,shape_r_norm_060,337.5,1.1139594142356615,1.129400342667379,-0.015440928431717627,0.015440928431717627,10.0
division_within_10_frames,shape_r_norm_001,5.625,1.19683796256669,1.2121038055843867,-0.015265843017696623,0.015265843017696623,10.0
division_within_10_frames,shape_r_norm_009,50.625,0.9334684266579731,0.9197900979733133,0.01367832868465979,0.01367832868465979,10.0
division_within_10_frames,shape_r_norm_020,112.5,0.8268868243426419,0.8402813854659643,-0.01339456112332238,0.01339456112332238,10.0
division_within_10_frames,shape_r_norm_041,230.625,0.9343697678730283,0.9213447744952583,0.013024993377769967,0.013024993377769967,10.0
division_within_10_frames,shape_r_norm_042,236.25,0.9018541826737507,0.8888812789161966,0.01297290375755411,0.01297290375755411,10.0
division_within_10_frames,shape_r_norm_043,241.875,0.8737289284945428,0.8614277798773927,0.012301148617150037,0.012301148617150037,10.0
division_within_10_frames,shape_r_norm_040,225.0,0.9702274439933148,0.958174147259422,0.012053296733892882,0.012053296733892882,10.0
division_within_10_frames,shape_r_norm_039,219.375,1.0103629541754275,0.9988157441298604,0.011547210045567136,0.011547210045567136,10.0
division_within_10_frames,shape_r_norm_013,73.125,0.8103110594919112,0.8216908194036376,-0.011379759911726461,0.011379759911726461,10.0
division_within_10_frames,shape_r_norm_003,16.875,1.1762682478526112,1.165131639562402,0.011136608290209127,0.011136608290209127,10.0
division_within_10_frames,shape_r_norm_025,140.625,1.0108187573679377,0.9998193817293614,0.010999375638576336,0.010999375638576336,10.0
division_within_10_frames,shape_r_norm_044,247.5,0.8497114371271169,0.8391765372069028,0.010534899920214169,0.010534899920214169,10.0
division_within_10_frames,shape_r_norm_049,275.625,0.8126120572344641,0.802642651176069,0.009969406058395025,0.009969406058395025,10.0
division_within_10_frames,shape_r_norm_021,118.125,0.8527357987919997,0.8626021015080075,-0.009866302716007858,0.009866302716007858,10.0
division_within_10_frames,shape_r_norm_059,331.875,1.0780893296338199,1.087500731383153,-0.009411401749333193,0.009411401749333193,10.0
division_within_10_frames,shape_r_norm_045,253.125,0.8308320275406712,0.8220410622157958,0.008790965324875444,0.008790965324875444,10.0
division_within_10_frames,shape_r_norm_056,315.0,0.9508695216214612,0.9593282205119704,-0.008458698890509209,0.008458698890509209,10.0
division_within_10_frames,shape_r_norm_036,202.5,1.119061962942059,1.127513390547335,-0.00845142760527584,0.00845142760527584,10.0
division_within_10_frames,shape_r_norm_038,213.75,1.0502405588546495,1.0420697970941952,0.008170761760454281,0.008170761760454281,10.0
division_within_10_frames,shape_r_norm_010,56.25,0.8956266862622807,0.887731348197658,0.007895338064622726,0.007895338064622726,10.0
division_within_10_frames,shape_r_norm_048,270.0,0.8079279468077399,0.8001623309877441,0.007765615819995797,0.007765615819995797,10.0
division_within_10_frames,shape_r_norm_050,281.25,0.8168647909878791,0.8097167358564167,0.0071480551314624385,0.0071480551314624385,10.0
division_within_10_frames,shape_r_norm_030,168.75,1.1876664931854506,1.1942598404834373,-0.0065933472979866625,0.0065933472979866625,10.0
division_within_10_frames,shape_r_norm_022,123.75,0.883622174963969,0.8901288833548011,-0.006506708390832117,0.006506708390832117,10.0
division_within_10_frames,shape_r_norm_057,320.625,0.9939946271060558,1.0004734803140984,-0.006478853208042645,0.006478853208042645,10.0
division_within_10_frames,shape_r_norm_029,163.125,1.1723899622534992,1.1659998531391014,0.006390109114397857,0.006390109114397857,10.0
division_within_10_frames,shape_r_norm_055,309.375,0.9155453989345036,0.9217432891961052,-0.006197890261601557,0.006197890261601557,10.0
division_within_10_frames,shape_r_norm_058,326.25,1.0378168953045477,1.0437363867131422,-0.0059194914085944905,0.0059194914085944905,10.0
division_within_10_frames,shape_r_norm_051,286.875,0.8273908019289096,0.8218439785851943,0.005546823343715257,0.005546823343715257,10.0
division_within_10_frames,shape_r_norm_046,258.75,0.8152638415942032,0.8098314917773312,0.0054323498168720175,0.0054323498168720175,10.0
division_within_10_frames,shape_r_norm_047,264.375,0.8077352465538497,0.8024561729502946,0.005279073603555062,0.005279073603555062,10.0
division_within_10_frames,shape_r_norm_012,67.5,0.8332976001255521,0.8385594452788878,-0.00526184515333572,0.00526184515333572,10.0
division_within_10_frames,shape_r_norm_052,292.5,0.8436469737621729,0.838771101715521,0.004875872046651852,0.004875872046651852,10.0
division_within_10_frames,shape_r_norm_024,135.0,0.9641749278436439,0.9593834588580168,0.004791468985627101,0.004791468985627101,10.0
division_within_10_frames,shape_r_norm_054,303.75,0.8856012672185898,0.8887867754033493,-0.003185508184759489,0.003185508184759489,10.0
division_within_10_frames,shape_r_norm_037,208.125,1.0874106841587394,1.0857508155499143,0.0016598686088251657,0.0016598686088251657,10.0
division_within_10_frames,shape_r_norm_053,298.125,0.8625657084617722,0.8609225807826616,0.0016431276791105676,0.0016431276791105676,10.0
division_within_10_frames,shape_r_norm_011,61.875,0.8617037424210752,0.8605674029652038,0.001136339455871327,0.001136339455871327,10.0
division_within_10_frames,shape_r_norm_023,129.375,0.921444606356853,0.9224943673832754,-0.0010497610264224022,0.0010497610264224022,10.0
division_within_10_frames,shape_r_norm_002,11.25,1.194318055213614,1.194002723025125,0.0003153321884890037,0.0003153321884890037,10.0
