target,feature,positive_count,negative_count,positive_mean,negative_mean,positive_median,negative_median,mean_diff,cohen_d,abs_cohen_d,horizon_frames
is_observed_division,shape_r_norm_005,43,2631,1.1149247427946432,1.0799452662618658,1.1147489249706268,1.081579830588364,0.03497947653277733,0.5341988989243769,0.5341988989243769,
is_observed_division,shape_r_norm_027,43,2631,1.112053775887519,1.0782242963634434,1.0998663306236267,1.0802467538089287,0.03382947952407567,0.5089334340318112,0.5089334340318112,
is_observed_division,shape_r_norm_026,43,2631,1.0649818273300014,1.031983343043739,1.059895888755196,1.0404048707427047,0.032998484286262286,0.5015104898080918,0.5015104898080918,
is_observed_division,shape_r_norm_038,43,2631,1.0625177583763517,1.0328284242334154,1.0629218816757202,1.0407989126879995,0.029689334142936286,0.4449499880434578,0.4449499880434578,
is_observed_division,shape_contour_centroid_dy,43,2631,2.01848554670517e-06,6.33886245328275e-08,1.0580758898016468e-06,2.7380020541433016e-08,1.955096922172342e-06,0.44446332925478094,0.44446332925478094,
is_observed_division,shape_r_norm_006,43,2631,1.0620179073986795,1.0337948132612889,1.0688758343458176,1.0420678626088535,0.02822309413739066,0.4435239350226598,0.4435239350226598,
is_observed_division,shape_r_norm_037,43,2631,1.1074196547290371,1.078720645620386,1.1071137547492982,1.0797668579148083,0.028699009108651197,0.42546072284619496,0.42546072284619496,
is_observed_division,shape_r_norm_004,43,2631,1.154915891283319,1.125450189765277,1.1565523386001586,1.1210343924964346,0.029465701518041953,0.37580526424672434,0.37580526424672434,
is_observed_division,shape_r_norm_028,43,2631,1.152538700495315,1.1241761965459578,1.156643311182658,1.1213738424022024,0.028362503949357132,0.36776638608357354,0.36776638608357354,
is_observed_division,shape_r_norm_039,43,2631,1.015152532953516,0.9891113459303352,1.0145051858641885,1.0019433193090486,0.026041187023180812,0.365612309147973,0.365612309147973,
is_observed_division,SOLIDITY,43,2631,0.9549390555430469,0.9642051117876159,0.9607840851221106,0.9761713763728271,-0.009266056244568999,-0.3344989059704464,0.3344989059704464,
is_observed_division,shape_r_norm_017,43,2631,0.7669180505757163,0.7995450585533088,0.7928193569183349,0.8096761777997017,-0.03262700797759255,-0.30821407623954433,0.30821407623954433,
is_observed_division,shape_r_norm_016,43,2631,0.7656869654248472,0.7967443314823676,0.7822762727737427,0.8077405836524033,-0.031057366057520408,-0.29377460638795955,0.29377460638795955,
is_observed_division,shape_r_norm_018,43,2631,0.7761524677287679,0.8063518232609509,0.7986926490610297,0.8161056550537668,-0.030199355532183003,-0.287090562201437,0.287090562201437,
is_observed_division,shape_r_norm_015,43,2631,0.7697506029586121,0.7985773543603991,0.7804062843322754,0.8090904006143895,-0.028826751401787032,-0.2738032834464273,0.2738032834464273,
is_observed_division,shape_r_norm_025,43,2631,1.007745440698817,0.9882694938471225,1.0122027695178986,1.0023748642868466,0.019475946851694625,0.2737674552085671,0.2737674552085671,
is_observed_division,shape_r_norm_019,43,2631,0.7912013971876741,0.818188715115062,0.8121166601777077,0.8293116441587123,-0.026987317927387844,-0.26158658009362207,0.26158658009362207,
is_observed_division,CIRCULARITY,43,2631,0.8158639447088065,0.7769848986058907,0.8225097096943175,0.841105574519716,0.038879046102915815,0.25440499538696676,0.25440499538696676,
is_observed_division,shape_r_norm_007,43,2631,1.0066336552912212,0.9896436887378017,1.0181071758270264,1.0026442277722243,0.016989966553419444,0.24762108105305908,0.24762108105305908,
is_observed_division,shape_r_norm_040,43,2631,0.9666138873051753,0.9489782743900531,0.9719456054947593,0.9653871357440948,0.017635612915122167,0.22698658344993997,0.22698658344993997,
is_observed_division,shape_r_norm_020,43,2631,0.8120518020599409,0.8341104012065278,0.8106604367494583,0.846181605543409,-0.02205859914658692,-0.2205775175905056,0.2205775175905056,
is_observed_division,ELLIPSE_MAJOR,43,2631,14.725744256760668,13.665149768914073,13.896850701616707,15.04432708728594,1.0605944878465952,0.2171799286199622,0.2171799286199622,
is_observed_division,PERIMETER,43,2631,81.18181770203846,76.0069129038876,77.28725790675632,84.2356462361855,5.1749047981508625,0.21412258861440073,0.21412258861440073,
is_observed_division,shape_r_norm_036,43,2631,1.1409907369198324,1.1250423064298893,1.1446086764335632,1.1190114203426573,0.0159484304899431,0.20654357358451944,0.20654357358451944,
is_observed_division,shape_r_norm_014,43,2631,0.7842045800646691,0.8053072895548578,0.785308301448822,0.8167818232280452,-0.021102709490188665,-0.20301033808372318,0.20301033808372318,
is_observed_division,shape_r_norm_059,43,2631,1.0920194525901175,1.0790217394734618,1.08539979159832,1.0808012718107642,0.012997713116655651,0.18895791526914663,0.18895791526914663,
is_observed_division,RADIUS,43,2631,11.637438036833904,10.877950748358307,11.33975760611198,12.322465013081082,0.7594872884755972,0.18704629561743466,0.18704629561743466,
is_observed_division,shape_r_norm_046,43,2631,0.7859450054904056,0.8053696432811036,0.7882793247699738,0.8190013515321832,-0.01942463779069803,-0.1852402703192897,0.1852402703192897,
is_observed_division,shape_r_norm_047,43,2631,0.7789011158966815,0.7982871027669862,0.7841834723949432,0.8121336996555328,-0.019385986870304683,-0.18250430153067482,0.18250430153067482,
is_observed_division,shape_r_norm_003,43,2631,1.185382367413068,1.1677286138096,1.1852462530136108,1.1547801669051008,0.017653753603467992,0.1738318276567033,0.1738318276567033,
is_observed_division,shape_r_norm_021,43,2631,0.8385483504915692,0.855225767469913,0.8430218935012818,0.8675962206793995,-0.016677416978343795,-0.17346541169377372,0.17346541169377372,
is_observed_division,shape_mean_radius,43,2631,11.399227217926091,10.699262087927968,11.216510772705078,12.113593339920044,0.6999651299981231,0.17268720613471317,0.17268720613471317,
is_observed_division,shape_r_norm_055,43,2631,0.8979484887874826,0.9123257737735744,0.9195591373877092,0.9319505168170463,-0.01437728498609181,-0.16847955780114987,0.16847955780114987,
is_observed_division,shape_r_norm_054,43,2631,0.8660684136038442,0.8806764762557128,0.883741706609726,0.8994286156469776,-0.014608062651868536,-0.15920119897576324,0.15920119897576324,
is_observed_division,shape_r_norm_056,43,2631,0.9364808055506891,0.9485018289140116,0.9599102520280414,0.9663219437366579,-0.012021023363322447,-0.15355860597037982,0.15355860597037982,
is_observed_division,shape_r_norm_013,43,2631,0.8013293479142872,0.8166982683973514,0.8142757415771484,0.829194058974584,-0.015368920483064152,-0.15085690775664629,0.15085690775664629,
is_observed_division,shape_r_norm_029,43,2631,1.1817309501054023,1.1669702539594893,1.1875323454538982,1.156477567626209,0.014760696145913021,0.147907099114062,0.147907099114062,
is_observed_division,shape_r_norm_048,43,2631,0.7803634262504862,0.7961361512838905,0.8039472103118896,0.8087512850761414,-0.015772725033404322,-0.14732918547260457,0.14732918547260457,
is_observed_division,shape_r_norm_024,43,2631,0.9594846584468484,0.9482213480406245,0.9633501420418421,0.9656547191666394,0.011263310406223859,0.14391359421459937,0.14391359421459937,
is_observed_division,shape_r_norm_041,43,2631,0.9249429710755379,0.9129525939693834,0.9350055158138275,0.9299691915512085,0.01199037710615447,0.1415236067289861,0.1415236067289861,
is_observed_division,ELLIPSE_MINOR,43,2631,9.728782671771238,9.245514372861438,9.76687689685345,10.217030565207917,0.4832682989098007,0.13507218521100753,0.13507218521100753,
is_observed_division,shape_r_norm_045,43,2631,0.8038755713749587,0.8171350543452427,0.8113993243737654,0.831760410855456,-0.013259482970284009,-0.12904332545149946,0.12904332545149946,
is_observed_division,shape_contour_centroid_dx,43,2631,4.352230365086592e-07,-9.461403384700821e-08,-1.92718328245426e-07,1.3353633052954073e-08,5.298370703556674e-07,0.12417907891200726,0.12417907891200726,
is_observed_division,shape_r_norm_053,43,2631,0.8424530460781249,0.8540032700032961,0.8558738231658936,0.8716346548824776,-0.011550223925171244,-0.11937875828058488,0.11937875828058488,
is_observed_division,shape_r_norm_050,43,2631,0.7925538515101016,0.8051284806240736,0.8221270062706687,0.8175293069619399,-0.012574629113972002,-0.11849811873028436,0.11849811873028436,
is_observed_division,shape_r_norm_063,43,2631,1.2089119555858772,1.2265664722365819,1.1887671947479248,1.1951402978199284,-0.01765451665070472,-0.11544786309240025,0.11544786309240025,
is_observed_division,shape_r_norm_032,43,2631,1.2155464399830065,1.2337899650616766,1.2109881440798442,1.2017042636871338,-0.01824352507867011,-0.11191321813086255,0.11191321813086255,
is_observed_division,shape_r_norm_051,43,2631,0.8053004845624074,0.8167006609345355,0.8249863584836324,0.8311060667037964,-0.01140017637212809,-0.10919051412366604,0.10919051412366604,
is_observed_division,shape_r_norm_000,43,2631,1.2172148235720361,1.2347654538847972,1.1916877508163453,1.199829250574112,-0.01755063031276105,-0.10904428919149521,0.10904428919149521,
is_observed_division,shape_r_norm_033,43,2631,1.2092839754072389,1.2260362276845007,1.202774703502655,1.1944187065450156,-0.016752252277261848,-0.10830262435701976,0.10830262435701976,
is_observed_division,shape_r_norm_008,43,2631,0.9575569798907332,0.9492865815913027,0.978487640619278,0.9667317271232605,0.008270398299430437,0.10765641704308881,0.10765641704308881,
is_observed_division,shape_r_norm_062,43,2631,1.1887615306072492,1.2022744889836372,1.1813126368956133,1.179472053923258,-0.013512958376387996,-0.10528988418074338,0.10528988418074338,
is_observed_division,shape_r_norm_049,43,2631,0.7876851766407585,0.7984467419104277,0.8204196393489838,0.8114407280596291,-0.010761565269669204,-0.10040219205468996,0.10040219205468996,
is_observed_division,shape_r_norm_060,43,2631,1.1321088451140708,1.1242359588976043,1.1248173605312,1.1188231939222755,0.007872886216466535,0.09832888932252919,0.09832888932252919,
is_observed_division,shape_r_norm_052,43,2631,0.8229436921956963,0.8328363881791676,0.8322319280017506,0.8479094997696255,-0.009892695983471311,-0.09773787816757004,0.09773787816757004,
is_observed_division,shape_r_norm_031,43,2631,1.210714023990469,1.2254539328921557,1.2051159540812175,1.1979471615382604,-0.014739908901686638,-0.09604240842422379,0.09604240842422379,
is_observed_division,shape_r_norm_022,43,2631,0.8723939303462281,0.8810417918010971,0.874640221397082,0.8967240394615545,-0.008647861454868955,-0.09486534429405902,0.09486534429405902,
is_observed_division,AREA,43,2631,449.6888249832073,425.9565655870322,408.4375,478.9146341463415,23.732259396175152,0.09356729159840599,0.09356729159840599,
is_observed_division,shape_radius_cv,43,2631,0.18627495871472047,0.17796143040307863,0.1656465483813185,0.1613026510009787,0.008313528311641838,0.09183731770020574,0.09183731770020574,
is_observed_division,shape_r_norm_009,43,2631,0.9206937649959684,0.9129700086696598,0.944671630859375,0.9312708217923235,0.007723756326308617,0.09162709130647566,0.09162709130647566,
is_observed_division,shape_r_norm_042,43,2631,0.8882768058297384,0.8812025708181702,0.8907868049361489,0.898301816568142,0.007074235011568231,0.07803255894973389,0.07803255894973389,
is_observed_division,shape_r_norm_034,43,2631,1.193363833118431,1.203039614592591,1.1897963540894645,1.178630407263593,-0.009675781474159928,-0.07441466889320296,0.07441466889320296,
is_observed_division,shape_r_norm_012,43,2631,0.8258997030088792,0.8330463512206858,0.8419936746358871,0.8471756054133903,-0.007146648211806661,-0.07201049997135076,0.07201049997135076,
is_observed_division,shape_r_norm_058,43,2631,1.038147533732829,1.0333893774734415,1.0441232919692993,1.0405844159242583,0.004758156259387469,0.07093549794501156,0.07093549794501156,
is_observed_division,shape_reconstruction_area_ratio,43,2631,0.9995339378240462,0.9993484739401985,0.9999942997779593,0.9999749189004011,0.00018546388384765855,0.06357488286303724,0.06357488286303724,
is_observed_division,shape_r_norm_044,43,2631,0.827543282656437,0.8332848147811147,0.8288350972262296,0.8482536822557449,-0.005741532124677762,-0.057608316585639,0.057608316585639,
is_observed_division,shape_r_norm_002,43,2631,1.2094212503148074,1.2027400113208184,1.186005711555481,1.1804896473884583,0.0066812389939889805,0.05174637147554004,0.05174637147554004,
is_observed_division,shape_r_norm_001,43,2631,1.2183735478652264,1.2258412008642805,1.1877673214132136,1.194737227951608,-0.007467652999054053,-0.04943339916879336,0.04943339916879336,
is_observed_division,shape_r_norm_010,43,2631,0.8856555311281186,0.8814178825990242,0.9118492484092713,0.8978422836559575,0.004237648529094362,0.04689219532593108,0.04689219532593108,
is_observed_division,shape_r_norm_061,43,2631,1.1631206239662053,1.1668415119826794,1.1615001179955222,1.1534071178997265,-0.0037208880164740776,-0.03660101139454988,0.03660101139454988,
is_observed_division,shape_r_norm_030,43,2631,1.1982109391005304,1.2027441106458958,1.2000085910161336,1.181968043490154,-0.0045331715453653665,-0.03495674338645411,0.03495674338645411,
is_observed_division,shape_area_ratio,43,2631,0.9999999940246797,0.999999997485456,1.0,0.9999999979058354,-3.4607763321758966e-09,-0.03131804555490384,0.03131804555490384,
is_observed_division,shape_r_norm_035,43,2631,1.170448051848695,1.1681373553371346,1.1688162088394165,1.1543955337710496,0.0023106965115604616,0.02293714455171763,0.02293714455171763,
is_observed_division,shape_r_norm_043,43,2631,0.8564346141809014,0.854470061580851,0.8619362413883209,0.8701286083314477,0.001964552600050351,0.020632887161639444,0.020632887161639444,
is_observed_division,ELLIPSE_ASPECTRATIO,43,2631,1.5510362032415352,1.5471427629738168,1.5352836715065155,1.4651787799555662,0.0038934402677184288,0.010609276320833406,0.010609276320833406,
is_observed_division,shape_r_norm_011,43,2631,0.8544122498453095,0.8547986069551063,0.8705436706542968,0.8708485190461321,-0.0003863571097968421,-0.004057009650280168,0.004057009650280168,
is_observed_division,shape_r_norm_023,43,2631,0.91256876370086,0.9122382107980953,0.9173832535743713,0.9303001020012832,0.0003305529027647358,0.0038809444016109492,0.0038809444016109492,
is_observed_division,shape_r_norm_057,43,2631,0.9893408362502779,0.9892951162130904,0.9963424106438955,1.0032333644424998,4.572003718750217e-05,0.0006380824427302968,0.0006380824427302968,
division_within_3_frames,SOLIDITY,127,62072,0.9528962499553673,0.972822240677785,0.9596912521440821,0.9791390658751565,-0.01992599072241774,-0.9308794544750032,0.9308794544750032,3.0
division_within_3_frames,AREA,127,62072,447.124993672427,538.6961544877989,388.0,583.5,-91.57116081537191,-0.44063675959692067,0.44063675959692067,3.0
division_within_3_frames,shape_r_norm_005,127,62072,1.117234926054797,1.0845989949378518,1.108717679977417,1.0839902758598328,0.03263593111694507,0.39797108167810674,0.39797108167810674,3.0
division_within_3_frames,ELLIPSE_MINOR,127,62072,9.74242286778438,10.778311090664378,9.712768954304483,11.272712092553792,-1.035888222879997,-0.3720747105922661,0.3720747105922661,3.0
division_within_3_frames,shape_mean_radius,127,62072,11.372388922323392,12.527983241120262,10.994312286376953,13.422428607940674,-1.1555943187968705,-0.3710895107573187,0.3710895107573187,3.0
division_within_3_frames,shape_r_norm_004,127,62072,1.1614138601333137,1.1276043557326312,1.1527081727981567,1.1232225894927979,0.03380950440068253,0.3595424327475203,0.3595424327475203,3.0
division_within_3_frames,shape_r_norm_026,127,62072,1.0688900820852265,1.0413393691380908,1.0601117610931396,1.0435464978218079,0.027550712947135736,0.35901472190108186,0.35901472190108186,3.0
division_within_3_frames,RADIUS,127,62072,11.605910825329874,12.720740246186265,11.11324596323283,13.628419519087378,-1.1148294208563918,-0.3588530691660895,0.3588530691660895,3.0
division_within_3_frames,shape_r_norm_017,127,62072,0.7640998159337231,0.8031118394369348,0.7956231832504272,0.8109516501426697,-0.039012023503211646,-0.35322771736906367,0.35322771736906367,3.0
division_within_3_frames,shape_r_norm_016,127,62072,0.7623299728697679,0.8005081432117604,0.7917570471763611,0.8086910247802734,-0.03817817034199256,-0.345982059798538,0.345982059798538,3.0
division_within_3_frames,shape_r_norm_015,127,62072,0.7663366724186995,0.8024895939205856,0.7824209332466125,0.8109824657440186,-0.03615292150188609,-0.32905013863286386,0.32905013863286386,3.0
division_within_3_frames,shape_r_norm_027,127,62072,1.1114572178660416,1.0853104255618178,1.094201922416687,1.0847795605659485,0.026146792304223787,0.3281064265904691,0.3281064265904691,3.0
division_within_3_frames,PERIMETER,127,62072,81.1164518319019,87.15375075246561,76.57897945977113,92.47810369412682,-6.037298920563714,-0.3239737611174646,0.3239737611174646,3.0
division_within_3_frames,ELLIPSE_MAJOR,127,62072,14.689157503114513,15.914378814905595,13.70992714650476,16.858271904770547,-1.2252213117910813,-0.3206552329837503,0.3206552329837503,3.0
division_within_3_frames,shape_r_norm_055,127,62072,0.8932026012206641,0.9202249526808535,0.9196494817733765,0.9322243332862854,-0.027022351460189387,-0.3050366495936687,0.3050366495936687,3.0
division_within_3_frames,shape_r_norm_018,127,62072,0.7778489470012545,0.8103778685355121,0.8070312142372131,0.8182119131088257,-0.03252892153425757,-0.29672104188960585,0.29672104188960585,3.0
division_within_3_frames,shape_r_norm_054,127,62072,0.8603579891244257,0.8874555436709689,0.8840938210487366,0.9000457525253296,-0.027097554546543168,-0.2865048419776431,0.2865048419776431,3.0
division_within_3_frames,shape_r_norm_038,127,62072,1.0631999542394022,1.0409709883123763,1.0644776821136475,1.0428942441940308,0.022228965927025834,0.28558339165440005,0.28558339165440005,3.0
division_within_3_frames,shape_r_norm_056,127,62072,0.9341441913852542,0.957541851437372,0.9471457004547119,0.9672771990299225,-0.023397660052117852,-0.2819865516469744,0.2819865516469744,3.0
division_within_3_frames,shape_r_norm_039,127,62072,1.0197459187094622,0.9976466533422225,1.0210721492767334,1.0035057663917542,0.022099265367239718,0.2785258000386983,0.2785258000386983,3.0
division_within_3_frames,shape_r_norm_014,127,62072,0.7794918938884585,0.80932511383398,0.7893292903900146,0.8186482787132263,-0.02983321994552146,-0.2746366513821203,0.2746366513821203,3.0
division_within_3_frames,shape_r_norm_003,127,62072,1.1959674114317407,1.1655880206887879,1.1894941329956055,1.1560181379318237,0.030379390742952816,0.2737061085807526,0.2737061085807526,3.0
division_within_3_frames,shape_r_norm_025,127,62072,1.0192562886110441,0.9980767652349656,1.0144802331924438,1.0038609504699707,0.021179523376078535,0.26608824352760485,0.26608824352760485,3.0
division_within_3_frames,shape_r_norm_006,127,62072,1.0597417392129973,1.0398628088111619,1.0620125532150269,1.0427315831184387,0.019878930401835415,0.25771181226161705,0.25771181226161705,3.0
division_within_3_frames,shape_r_norm_053,127,62072,0.8357749622403168,0.8598955199583349,0.8417932987213135,0.8721606135368347,-0.024120557718018132,-0.24205419970796874,0.24205419970796874,3.0
division_within_3_frames,shape_r_norm_037,127,62072,1.1045864937812324,1.0849970088536354,1.1049952507019043,1.0836251974105835,0.019589484927597045,0.239055038462892,0.239055038462892,3.0
division_within_3_frames,shape_r_norm_013,127,62072,0.7956965622000807,0.8210883562147372,0.7975831031799316,0.831514298915863,-0.02539179401465652,-0.23822482932115469,0.23822482932115469,3.0
division_within_3_frames,shape_r_norm_019,127,62072,0.7972628314664044,0.8224261753080563,0.8234571814537048,0.8309021294116974,-0.025163343841651864,-0.23344337591569939,0.23344337591569939,3.0
division_within_3_frames,shape_r_norm_028,127,62072,1.1488209329252168,1.1279621085751945,1.1246165037155151,1.124096930027008,0.020858824350022287,0.22963918469342257,0.22963918469342257,3.0
division_within_3_frames,shape_radius_cv,127,62072,0.18593800065319413,0.16779556096737933,0.16218514453248437,0.15476465300332445,0.018142439685814804,0.21991667277703084,0.21991667277703084,3.0
division_within_3_frames,shape_r_norm_040,127,62072,0.9741801347319535,0.9570113153311262,0.9763665795326233,0.9668145775794983,0.017168819400827373,0.20459560378579508,0.20459560378579508,3.0
division_within_3_frames,shape_r_norm_052,127,62072,0.817469740125138,0.8378684911760487,0.8309338092803955,0.849343866109848,-0.020398751050910713,-0.1960898376938407,0.1960898376938407,3.0
division_within_3_frames,shape_r_norm_020,127,62072,0.8202607019210425,0.8393025754060669,0.8425732254981995,0.8490225076675415,-0.019041873485024396,-0.1813065240669548,0.1813065240669548,3.0
division_within_3_frames,shape_r_norm_051,127,62072,0.8019114972099545,0.8210054420414634,0.8106697797775269,0.8317946791648865,-0.019093944831508947,-0.17752926771441513,0.17752926771441513,3.0
division_within_3_frames,shape_r_norm_041,127,62072,0.9356934324962887,0.9202776912670381,0.9447090029716492,0.9319339692592621,0.015415741229250601,0.1721486651926964,0.1721486651926964,3.0
division_within_3_frames,shape_r_norm_012,127,62072,0.8201378771639246,0.8378737868907038,0.8454946875572205,0.8489909470081329,-0.017735909726779187,-0.170987481990363,0.170987481990363,3.0
division_within_3_frames,shape_r_norm_002,127,62072,1.216268650190098,1.1954367198784615,1.1845922470092773,1.1806639432907104,0.02083193031163666,0.16195669420262623,0.16195669420262623,3.0
division_within_3_frames,shape_r_norm_050,127,62072,0.7922329642171935,0.8089609554919441,0.8077091574668884,0.8194801509380341,-0.016727991274750664,-0.15212749226900693,0.15212749226900693,3.0
division_within_3_frames,shape_r_norm_042,127,62072,0.90189559253182,0.8878474260837258,0.9107357859611511,0.9000842869281769,0.014048166448094146,0.14757933930872744,0.14757933930872744,3.0
division_within_3_frames,CIRCULARITY,127,62072,0.8122583086922996,0.828107027837325,0.8215611517337623,0.8627891137973086,-0.01584871914502539,-0.13941072008376504,0.13941072008376504,3.0
division_within_3_frames,shape_r_norm_047,127,62072,0.7871121184563074,0.801730836118784,0.8029401302337646,0.8117214143276215,-0.014618717662476688,-0.13120272688181003,0.13120272688181003,3.0
division_within_3_frames,shape_r_norm_024,127,62072,0.9687500610126285,0.957714758405755,0.9726123809814453,0.9668782949447632,0.011035302606873465,0.1298352239993754,0.1298352239993754,3.0
division_within_3_frames,shape_r_norm_046,127,62072,0.7949567486451367,0.8090409774583864,0.8202275633811951,0.8192367255687714,-0.014084228813249777,-0.12795718606019135,0.12795718606019135,3.0
division_within_3_frames,shape_r_norm_057,127,62072,0.9887736505410802,0.9985337780281048,0.9978687167167664,1.0041775107383728,-0.009760127487024595,-0.12338573449337586,0.12338573449337586,3.0
division_within_3_frames,shape_r_norm_007,127,62072,1.005868487001404,0.9962246508356403,1.010449767112732,1.0032423734664917,0.009643836165763808,0.12283187684228133,0.12283187684228133,3.0
division_within_3_frames,shape_r_norm_021,127,62072,0.8493218698839503,0.8614941698342143,0.8709267973899841,0.8720467388629913,-0.012172299950264032,-0.12013660575641275,0.12013660575641275,3.0
division_within_3_frames,shape_r_norm_048,127,62072,0.7861287962263963,0.7994039584134163,0.8046587705612183,0.8092849552631378,-0.013275162187019962,-0.11868166347517102,0.11868166347517102,3.0
division_within_3_frames,shape_r_norm_011,127,62072,0.8482220301947255,0.8598205768926359,0.8786729574203491,0.8721751868724823,-0.011598546697910384,-0.11609041198147024,0.11609041198147024,3.0
division_within_3_frames,shape_r_norm_049,127,62072,0.7910414158593951,0.8018626247399792,0.8182942867279053,0.8122584521770477,-0.010821208880584021,-0.0971508475001473,0.0971508475001473,3.0
division_within_3_frames,shape_r_norm_032,127,62072,1.205680813845687,1.2197430094022015,1.2033432722091675,1.1989838480949402,-0.014062195556514556,-0.09397765693747331,0.09397765693747331,3.0
division_within_3_frames,shape_r_norm_062,127,62072,1.1834529793168616,1.1955862878036185,1.1771652698516846,1.1798747181892395,-0.012133308486756977,-0.09396531405111204,0.09396531405111204,3.0
division_within_3_frames,shape_r_norm_036,127,62072,1.1358162202234343,1.12736287629221,1.1325026750564575,1.122561275959015,0.008453343931224211,0.09103927521334206,0.09103927521334206,3.0
division_within_3_frames,shape_r_norm_061,127,62072,1.1567809525437243,1.1663916978034663,1.1425269842147827,1.1555379629135132,-0.009610745259742037,-0.08606717481626124,0.08606717481626124,3.0
division_within_3_frames,shape_r_norm_031,127,62072,1.2009937523856877,1.2133948353762203,1.1878448724746704,1.194940209388733,-0.012401082990532553,-0.085976246643983,0.085976246643983,3.0
division_within_3_frames,shape_r_norm_043,127,62072,0.8689938854044816,0.8604005605293498,0.8776320219039917,0.8721502721309662,0.00859332487513187,0.08574017820123721,0.08574017820123721,3.0
division_within_3_frames,shape_r_norm_033,127,62072,1.2014043575196753,1.213475281513583,1.1901865005493164,1.1937991380691528,-0.012070923993907634,-0.0834095253301221,0.0834095253301221,3.0
division_within_3_frames,shape_r_norm_029,127,62072,1.1743105091447905,1.1659933450733944,1.1532886028289795,1.1571638584136963,0.008317164071396155,0.075833144830163,0.075833144830163,3.0
division_within_3_frames,shape_r_norm_045,127,62072,0.813236324805913,0.8211701901175609,0.8281780481338501,0.8314884006977081,-0.007933865311647859,-0.07348845988684016,0.07348845988684016,3.0
division_within_3_frames,shape_r_norm_022,127,62072,0.8824379643586677,0.8887448985547783,0.9010223150253296,0.8998638093471527,-0.006306934196110614,-0.06545652316052697,0.06545652316052697,3.0
division_within_3_frames,ELLIPSE_ASPECTRATIO,127,62072,1.537638260149476,1.5166596927576101,1.4943553352589702,1.455747594151597,0.020978567391865877,0.06414837971974814,0.06414837971974814,3.0
division_within_3_frames,shape_r_norm_034,127,62072,1.186874981940262,1.194732025255131,1.177528977394104,1.1795293092727661,-0.007857043314869028,-0.06080541464091565,0.06080541464091565,3.0
division_within_3_frames,shape_r_norm_058,127,62072,1.0374962035126574,1.0419983421300505,1.0419120788574219,1.0432775616645813,-0.0045021386173931255,-0.05758189488260501,0.05758189488260501,3.0
division_within_3_frames,shape_r_norm_010,127,62072,0.8819658871241441,0.8868571176127757,0.9139628410339355,0.900081217288971,-0.004891230488631604,-0.05137695983431946,0.05137695983431946,3.0
division_within_3_frames,shape_r_norm_063,127,62072,1.2072776570094852,1.2144497784171726,1.1923348903656006,1.195686936378479,-0.007172121407687415,-0.05030863714143693,0.05030863714143693,3.0
division_within_3_frames,shape_area_ratio,127,62072,1.0000000128308177,0.9999999985549017,1.0,1.0,1.4275916004891087e-08,0.047886127384713546,0.047886127384713546,3.0
division_within_3_frames,shape_r_norm_008,127,62072,0.9590887347544272,0.9554414561075723,0.9670822620391846,0.9662472009658813,0.00364727864685499,0.04372295952531759,0.04372295952531759,3.0
division_within_3_frames,shape_r_norm_030,127,62072,1.190882380553118,1.195446539677911,1.1715642213821411,1.1807393431663513,-0.004564159124793132,-0.03508350391907886,0.03508350391907886,3.0
division_within_3_frames,shape_reconstruction_area_ratio,127,62072,0.9997610449325892,0.9998297729242759,0.9999916679221229,0.9999705652478555,-6.872799168666788e-05,-0.03451972317812019,0.03451972317812019,3.0
division_within_3_frames,shape_contour_centroid_dy,127,62072,7.083208725859511e-07,1.9055110189123567e-08,4.1066547518923463e-07,2.1868282919044997e-08,6.892657623968275e-07,0.03189808329081381,0.03189808329081381,3.0
division_within_3_frames,shape_r_norm_000,127,62072,1.2164054874360093,1.2210420902848689,1.2004338502883911,1.2011608481407166,-0.004636602848859583,-0.031402674563936965,0.031402674563936965,3.0
division_within_3_frames,shape_r_norm_059,127,62072,1.0885225459346621,1.086249345178098,1.0809532403945923,1.0841767191886902,0.002273200756564231,0.02757830346466263,0.02757830346466263,3.0
division_within_3_frames,shape_r_norm_009,127,62072,0.9210972490273123,0.918762026310499,0.9376266598701477,0.9315747022628784,0.002335222716813301,0.026081051107192194,0.026081051107192194,3.0
division_within_3_frames,shape_r_norm_060,127,62072,1.1269442579877658,1.1287627390289723,1.1134119033813477,1.1232209205627441,-0.001818481041206521,-0.019338444921310687,0.019338444921310687,3.0
division_within_3_frames,shape_r_norm_035,127,62072,1.1638211495294346,1.165332743195371,1.1585954427719116,1.1554405093193054,-0.0015115936659364504,-0.013728533097442916,0.013728533097442916,3.0
division_within_3_frames,shape_r_norm_001,127,62072,1.2161786302806825,1.2144172929744927,1.1939973831176758,1.1955657601356506,0.0017613373061897697,0.012366922254562115,0.012366922254562115,3.0
division_within_3_frames,shape_contour_centroid_dx,127,62072,-2.4393490760496136e-07,-1.0141073296329689e-07,-1.761171554988524e-08,-4.568280295816638e-09,-1.4252417464166447e-07,-0.0067099050081546735,0.0067099050081546735,3.0
division_within_3_frames,shape_r_norm_023,127,62072,0.920425507731325,0.9209264166876895,0.9286333918571472,0.9319737255573273,-0.0005009089563644542,-0.005516619645256538,0.005516619645256538,3.0
division_within_3_frames,shape_r_norm_044,127,62072,0.8379330278381588,0.8382108063295528,0.8565666675567627,0.8490179479122162,-0.00027777849139398736,-0.0026531916852553503,0.0026531916852553503,3.0
division_within_5_frames,SOLIDITY,180,57352,0.9554123409180963,0.9732558976937179,0.9610613511298443,0.9792603424084232,-0.01784355677562155,-0.8625061011532595,0.8625061011532595,5.0
division_within_5_frames,AREA,180,57352,448.7354122022124,544.5063839818241,387.5,586.4999999999999,-95.77097177961173,-0.47174852259224226,0.47174852259224226,5.0
division_within_5_frames,shape_mean_radius,180,57352,11.382586285803054,12.622649832871987,10.963836669921875,13.455118179321289,-1.2400635470689334,-0.41046394245393986,0.41046394245393986,5.0
division_within_5_frames,RADIUS,180,57352,11.601595463116494,12.815800410726432,11.106080746865354,13.663409100469517,-1.2142049476099377,-0.4030652432235036,0.4030652432235036,5.0
division_within_5_frames,ELLIPSE_MINOR,180,57352,9.798171841423919,10.858113415834062,9.711021524407528,11.307721310964908,-1.0599415744101428,-0.3917047206894745,0.3917047206894745,5.0
division_within_5_frames,shape_r_norm_005,180,57352,1.1164384961128235,1.0849229992218061,1.109904408454895,1.0842945575714111,0.0315154968910174,0.3869003447074703,0.3869003447074703,5.0
division_within_5_frames,ELLIPSE_MAJOR,180,57352,14.598830346747617,16.027619081735892,13.690065505079254,16.90494135642779,-1.4287887349882755,-0.3847921933501592,0.3847921933501592,5.0
division_within_5_frames,PERIMETER,180,57352,80.79835678853897,87.71784552649173,76.14004133828736,92.66446843243607,-6.919488737952761,-0.38259163335622715,0.38259163335622715,5.0
division_within_5_frames,shape_r_norm_006,180,57352,1.064742359187868,1.0403120851003633,1.0656341910362244,1.042996346950531,0.024430274087504644,0.32005398984317257,0.32005398984317257,5.0
division_within_5_frames,shape_r_norm_004,180,57352,1.1573279549678166,1.1277454891911771,1.1523492932319641,1.1233760714530945,0.029582465776639477,0.31592763930896367,0.31592763930896367,5.0
division_within_5_frames,shape_r_norm_016,180,57352,0.7669495221641328,0.8006945842060418,0.7933313548564911,0.808798760175705,-0.03374506204190897,-0.30837026527508293,0.30837026527508293,5.0
division_within_5_frames,shape_r_norm_017,180,57352,0.7695781232582198,0.8033245225261737,0.8000417649745941,0.811008095741272,-0.033746399267953864,-0.3082016681948268,0.3082016681948268,5.0
division_within_5_frames,shape_r_norm_026,180,57352,1.0650899284415776,1.0419865864260058,1.0544434189796448,1.043793261051178,0.023103342015571737,0.3048026123802311,0.3048026123802311,5.0
division_within_5_frames,shape_r_norm_015,180,57352,0.7701181622015105,0.8026554400267848,0.7846772074699402,0.8110146522521973,-0.03253727782527427,-0.29865155182670666,0.29865155182670666,5.0
division_within_5_frames,shape_r_norm_027,180,57352,1.1088699900441699,1.0858534145032426,1.0890268683433533,1.0851231813430786,0.023016575540927287,0.29205405802578116,0.29205405802578116,5.0
division_within_5_frames,shape_r_norm_018,180,57352,0.7821619181169404,0.810636521719655,0.8067406117916107,0.8182806968688965,-0.028474603602714588,-0.26195248895992707,0.26195248895992707,5.0
division_within_5_frames,shape_r_norm_014,180,57352,0.7826699742012554,0.8095117092671953,0.7914493978023529,0.8187270164489746,-0.026841735065939898,-0.24921292874373235,0.24921292874373235,5.0
division_within_5_frames,shape_r_norm_019,180,57352,0.7985211211774085,0.8227255842880336,0.8199167549610138,0.8310879170894623,-0.024204463110625074,-0.22639375496190356,0.22639375496190356,5.0
division_within_5_frames,shape_r_norm_038,180,57352,1.0580328110191557,1.041394308874557,1.0554312467575073,1.0431556701660156,0.01663850214459872,0.21601277000002608,0.21601277000002608,5.0
division_within_5_frames,shape_r_norm_028,180,57352,1.1475790739059448,1.1283032773983646,1.1229962706565857,1.1243687272071838,0.019275796507580267,0.21430092393039213,0.21430092393039213,5.0
division_within_5_frames,shape_r_norm_003,180,57352,1.1888204448752933,1.1654075807926212,1.1799720525741577,1.1560221314430237,0.02341286408267207,0.21235805879128997,0.21235805879128997,5.0
division_within_5_frames,shape_r_norm_007,180,57352,1.0127088089783987,0.9967098557197357,1.017263412475586,1.0034109354019165,0.015998953258662962,0.2061048687182414,0.2061048687182414,5.0
division_within_5_frames,shape_r_norm_039,180,57352,1.0141764001713858,0.9980901376541597,1.0146166682243347,1.0037474036216736,0.016086262517226113,0.20538234896109528,0.20538234896109528,5.0
division_within_5_frames,shape_r_norm_013,180,57352,0.7996041597591506,0.821304105510105,0.8113111853599548,0.8315938115119934,-0.021699945750954464,-0.20524845655428706,0.20524845655428706,5.0
division_within_5_frames,shape_r_norm_020,180,57352,0.8197860583662987,0.8396577653516027,0.8376537263393402,0.8493297696113586,-0.01987170698530405,-0.19074388929513852,0.19074388929513852,5.0
division_within_5_frames,shape_r_norm_025,180,57352,1.0135186307960087,0.9987856637172569,1.0137667059898376,1.004214346408844,0.014732967078751824,0.18752590014361856,0.18752590014361856,5.0
division_within_5_frames,shape_radius_cv,180,57352,0.1815840119544867,0.16713577989057293,0.15488313436300025,0.15454742427950013,0.014448232063913768,0.17731480225991045,0.17731480225991045,5.0
division_within_5_frames,shape_r_norm_056,180,57352,0.9441565308305953,0.9581933115583138,0.9543825387954712,0.9674979448318481,-0.014036780727718523,-0.17116026612179774,0.17116026612179774,5.0
division_within_5_frames,shape_r_norm_040,180,57352,0.9714859555164973,0.9574141699339052,0.9757217466831207,0.9669638276100159,0.014071785582592145,0.16980973974978533,0.16980973974978533,5.0
division_within_5_frames,shape_r_norm_037,180,57352,1.0988625718487635,1.0853043015620703,1.1025971174240112,1.0838741660118103,0.013558270286693208,0.16691196127347696,0.16691196127347696,5.0
division_within_5_frames,shape_r_norm_055,180,57352,0.9062264864643415,0.9208011814716708,0.9230349063873291,0.9324533045291901,-0.01457469500732933,-0.16639335639829197,0.16639335639829197,5.0
division_within_5_frames,shape_r_norm_054,180,57352,0.8734109001855056,0.8880039031422089,0.8857886493206024,0.9002849757671356,-0.014593002956703294,-0.15586629266736218,0.15586629266736218,5.0
division_within_5_frames,shape_r_norm_041,180,57352,0.9340393291579352,0.920664434795525,0.9430123865604401,0.9322424530982971,0.013374894362410239,0.15113673897037766,0.15113673897037766,5.0
division_within_5_frames,shape_r_norm_021,180,57352,0.847352015475432,0.8619243732588213,0.8656885921955109,0.8722930550575256,-0.014572357783389278,-0.14499439911151815,0.14499439911151815,5.0
division_within_5_frames,shape_r_norm_061,180,57352,1.1503004458215502,1.1662338952962472,1.1383797526359558,1.1556716561317444,-0.015933449474696992,-0.14397776966084336,0.14397776966084336,5.0
division_within_5_frames,shape_r_norm_062,180,57352,1.1772660868035423,1.1949672528834485,1.1685744524002075,1.1797701120376587,-0.01770116607990624,-0.1390377874197173,0.1390377874197173,5.0
division_within_5_frames,shape_r_norm_012,180,57352,0.8242862375246154,0.8381371403723323,0.852835476398468,0.8490687608718872,-0.01385090284771695,-0.13459662545895107,0.13459662545895107,5.0
division_within_5_frames,shape_r_norm_042,180,57352,0.9003910412391026,0.8882319872211814,0.9109755754470825,0.9002536535263062,0.012159054017921278,0.12917629812509965,0.12917629812509965,5.0
division_within_5_frames,CIRCULARITY,180,57352,0.816771342222756,0.8309620830235734,0.8240728759328215,0.8636939642443464,-0.014190740800817392,-0.12892669257127443,0.12892669257127443,5.0
division_within_5_frames,shape_r_norm_053,180,57352,0.8478110094037321,0.8603486379371816,0.8595252335071564,0.8722951412200928,-0.01253762853344953,-0.12695269672705242,0.12695269672705242,5.0
division_within_5_frames,shape_r_norm_051,180,57352,0.8087986427876684,0.8213493228996658,0.8149451613426208,0.831741064786911,-0.012550680111997337,-0.11761834670516058,0.11761834670516058,5.0
division_within_5_frames,shape_r_norm_052,180,57352,0.8267916044427289,0.8382452221549367,0.8425905108451843,0.8492996692657471,-0.011453617712207764,-0.11103213241718891,0.11103213241718891,5.0
division_within_5_frames,shape_r_norm_008,180,57352,0.9650097568829854,0.9558757881479735,0.97332963347435,0.9663814008235931,0.009133968735011933,0.11068058931866852,0.11068058931866852,5.0
division_within_5_frames,shape_r_norm_002,180,57352,1.208599677019649,1.194905328473539,1.1839314103126526,1.1806506514549255,0.013694348546110069,0.10765935255934608,0.10765935255934608,5.0
division_within_5_frames,shape_r_norm_050,180,57352,0.7984229268299209,0.8092843256847904,0.8105868101119995,0.8195492029190063,-0.010861398854869475,-0.0995719005975141,0.0995719005975141,5.0
division_within_5_frames,shape_r_norm_022,180,57352,0.8800095506840282,0.8892557673911816,0.8979286253452301,0.9000430703163147,-0.00924621670715342,-0.0967861812035485,0.0967861812035485,5.0
division_within_5_frames,shape_r_norm_060,180,57352,1.1202124065823025,1.1289869793582266,1.1105526685714722,1.1234120726585388,-0.008774572775924083,-0.09412290980650763,0.09412290980650763,5.0
division_within_5_frames,shape_r_norm_029,180,57352,1.1761054936382505,1.16602179961073,1.1539694666862488,1.15728759765625,0.010083694027520407,0.0928574401673895,0.0928574401673895,5.0
division_within_5_frames,shape_r_norm_032,180,57352,1.2054138229952918,1.2188331492121522,1.200272023677826,1.1988263130187988,-0.013419326216860483,-0.09121245921860932,0.09121245921860932,5.0
division_within_5_frames,shape_r_norm_043,180,57352,0.8698196987311045,0.8608258625172616,0.8817164599895477,0.8723849952220917,0.008993836213842976,0.09066861333830512,0.09066861333830512,5.0
division_within_5_frames,shape_r_norm_034,180,57352,1.182593337694804,1.1940714355169988,1.1624714732170105,1.1792730689048767,-0.011478097822194888,-0.0900328970471454,0.0900328970471454,5.0
division_within_5_frames,shape_r_norm_057,180,57352,0.9922224339511659,0.9992068108057683,0.9937451183795929,1.0044265985488892,-0.006984376854602403,-0.08927508222985678,0.08927508222985678,5.0
division_within_5_frames,shape_r_norm_063,180,57352,1.2010756644937728,1.2135429714570851,1.190626621246338,1.195578932762146,-0.01246730696331233,-0.08884165476844637,0.08884165476844637,5.0
division_within_5_frames,shape_r_norm_033,180,57352,1.2000059240394167,1.2125736311159134,1.1829173564910889,1.193714439868927,-0.012567707076496681,-0.08832420897213249,0.08832420897213249,5.0
division_within_5_frames,shape_r_norm_009,180,57352,0.926481717162662,0.9191839609446865,0.9413593709468842,0.9317032098770142,0.007297756217975571,0.08229239637816234,0.08229239637816234,5.0
division_within_5_frames,shape_area_ratio,180,57352,1.0000000222770002,0.9999999989753,1.0,1.0,2.3301700236011413e-08,0.07829129689139425,0.07829129689139425,5.0
division_within_5_frames,shape_r_norm_047,180,57352,0.7935774225327704,0.802023988076813,0.8038789927959442,0.8119515180587769,-0.00844656554404255,-0.07646141754720835,0.07646141754720835,5.0
division_within_5_frames,shape_r_norm_031,180,57352,1.2018262737327152,1.2126021391792283,1.185243546962738,1.1948251724243164,-0.0107758654465131,-0.0759817790070403,0.0759817790070403,5.0
division_within_5_frames,shape_r_norm_000,180,57352,1.2090462969409095,1.2199958843975522,1.1953374743461609,1.201124906539917,-0.010949587456642762,-0.07531582267740473,0.07531582267740473,5.0
division_within_5_frames,shape_r_norm_024,180,57352,0.9642178956005308,0.9583658700948405,0.972686231136322,0.9671019017696381,0.005852025505690306,0.06965057752509901,0.06965057752509901,5.0
division_within_5_frames,shape_r_norm_046,180,57352,0.8017817108167542,0.8093534614771297,0.8197015225887299,0.8195927739143372,-0.00757175066037552,-0.06940704722108901,0.06940704722108901,5.0
division_within_5_frames,shape_r_norm_048,180,57352,0.7922372942169508,0.7997104123864551,0.8073076605796814,0.8095249533653259,-0.007473118169504356,-0.06734243575638217,0.06734243575638217,5.0
division_within_5_frames,shape_r_norm_058,180,57352,1.0374544590711594,1.0425791209607782,1.0362693071365356,1.0435065031051636,-0.005124661889618798,-0.06608407101514706,0.06608407101514706,5.0
division_within_5_frames,shape_r_norm_011,180,57352,0.8536660056975153,0.8601657915725308,0.8825793862342834,0.8722825944423676,-0.00649978587501554,-0.06555299552328585,0.06555299552328585,5.0
division_within_5_frames,shape_r_norm_049,180,57352,0.7958538629114628,0.8021861225775029,0.8155563175678253,0.8124420344829559,-0.006332259666040119,-0.057295212651529634,0.057295212651529634,5.0
division_within_5_frames,shape_r_norm_059,180,57352,1.0828617463509242,1.0866959712611377,1.075693130493164,1.084388256072998,-0.0038342249102134573,-0.04687676983411648,0.04687676983411648,5.0
division_within_5_frames,ELLIPSE_ASPECTRATIO,180,57352,1.5284194529652964,1.514554718981251,1.4874783059524836,1.455172381840472,0.013864733984045419,0.04303569069551199,0.04303569069551199,5.0
division_within_5_frames,shape_r_norm_036,180,57352,1.1312907977236641,1.12741402815157,1.1297208070755005,1.122686743736267,0.003876769572094041,0.042042114454369235,0.042042114454369235,5.0
division_within_5_frames,shape_r_norm_044,180,57352,0.8428497930367788,0.8386198905738187,0.8585926592350006,0.8492842316627502,0.004229902462960067,0.04080060766401265,0.04080060766401265,5.0
division_within_5_frames,shape_r_norm_035,180,57352,1.1606207241614659,1.1650306098760712,1.1508429646492004,1.1552581191062927,-0.004409885714605322,-0.04038497625967221,0.04038497625967221,5.0
division_within_5_frames,shape_r_norm_023,180,57352,0.9180740175975693,0.9215284365823385,0.9262126386165619,0.9321605861186981,-0.0034544189847691698,-0.03842094562454222,0.03842094562454222,5.0
division_within_5_frames,shape_contour_centroid_dy,180,57352,8.246450678657638e-07,4.696276861055742e-08,5.743081324951522e-07,3.6750822488804025e-08,7.776822992552064e-07,0.03577083711255512,0.03577083711255512,5.0
division_within_5_frames,shape_r_norm_001,180,57352,1.2091130283143785,1.2135455293955288,1.1915037631988525,1.1953402161598206,-0.004432501081150342,-0.03157541585964991,0.03157541585964991,5.0
division_within_5_frames,shape_reconstruction_area_ratio,180,57352,0.9999042747464657,0.9998533668330418,1.0000137289014788,0.9999730056476274,5.090791342388101e-05,0.02827809714480498,0.02827809714480498,5.0
division_within_5_frames,shape_r_norm_030,180,57352,1.1930573092566596,1.1950164063070954,1.1716043949127197,1.180638313293457,-0.001959097050435732,-0.015256071887051654,0.015256071887051654,5.0
division_within_5_frames,shape_contour_centroid_dx,180,57352,1.7428263786300395e-07,-4.883716577032259e-08,1.5350186526206065e-07,7.268268845258561e-09,2.2311980363332654e-07,0.010441669747589727,0.010441669747589727,5.0
division_within_5_frames,shape_r_norm_045,180,57352,0.8209474116563797,0.8215232982276448,0.828447163105011,0.8319129049777985,-0.0005758865712650607,-0.00538499635773422,0.00538499635773422,5.0
division_within_5_frames,shape_r_norm_010,180,57352,0.8875978161891301,0.8872462403952082,0.9147925972938538,0.9001581370830536,0.0003515757939219766,0.0037248204314622533,0.0037248204314622533,5.0
division_within_10_frames,SOLIDITY,267,47240,0.958917061152813,0.9738486421612789,0.9655596555965561,0.979404221707926,-0.01493158100846581,-0.7575037943347163,0.7575037943347163,10.0
division_within_10_frames,AREA,267,47240,469.9396037318286,551.7902718145323,400.0,589.0,-81.85066808270369,-0.4194435061753796,0.4194435061753796,10.0
division_within_10_frames,ELLIPSE_MAJOR,267,47240,14.851434784282036,16.174291273122424,13.717093587311425,16.951929836850724,-1.3228564888403884,-0.37308845860157364,0.37308845860157364,10.0
division_within_10_frames,shape_mean_radius,267,47240,11.679336476415283,12.746857964745223,11.139772415161133,13.486598014831543,-1.0675214883299393,-0.3716021329788826,0.3716021329788826,10.0
division_within_10_frames,RADIUS,267,47240,11.884874156319809,12.940131087576162,11.283791670955125,13.692498784453214,-1.0552569312563538,-0.36863638701729184,0.36863638701729184,10.0
division_within_10_frames,PERIMETER,267,47240,82.31990396603236,88.43633742890093,76.57897945977113,92.82543416877994,-6.116433462868571,-0.3551519266446752,0.3551519266446752,10.0
division_within_10_frames,shape_r_norm_006,267,47240,1.0672714107491996,1.0411300956881167,1.0615125894546509,1.0435105562210083,0.02614131506108297,0.34940163933244606,0.34940163933244606,10.0
division_within_10_frames,ELLIPSE_MINOR,267,47240,10.092338945595445,10.958734984829734,9.986657052743615,11.346442007463448,-0.8663960392342887,-0.33535544752600005,0.33535544752600005,10.0
division_within_10_frames,shape_r_norm_005,267,47240,1.1118775490071444,1.085626174160023,1.1023880243301392,1.0848556756973267,0.026251374847121367,0.3264466565722776,0.3264466565722776,10.0
division_within_10_frames,shape_r_norm_007,267,47240,1.0197473802370078,0.9975226555697803,1.0231118202209473,1.0037394762039185,0.02222472466722758,0.29320079943972915,0.29320079943972915,10.0
division_within_10_frames,shape_r_norm_027,267,47240,1.1072170008880815,1.0866313718076381,1.0881026983261108,1.0857728719711304,0.02058562908044337,0.26542565602073837,0.26542565602073837,10.0
division_within_10_frames,shape_r_norm_026,267,47240,1.0613393904118056,1.0429212989959042,1.0476715564727783,1.0443362593650818,0.01841809141590134,0.24835198127024066,0.24835198127024066,10.0
division_within_10_frames,shape_r_norm_062,267,47240,1.164659557271093,1.1939757432211364,1.1570826768875122,1.1795610785484314,-0.029316185950043483,-0.23570721292187974,0.23570721292187974,10.0
division_within_10_frames,shape_r_norm_004,267,47240,1.1487700376617775,1.1281470631854096,1.1387728452682495,1.123975932598114,0.02062297447636796,0.22170308164288857,0.22170308164288857,10.0
division_within_10_frames,shape_r_norm_061,267,47240,1.1419720562656275,1.1659311529963414,1.122854232788086,1.155972182750702,-0.023959096730713947,-0.22030438982022563,0.22030438982022563,10.0
division_within_10_frames,shape_r_norm_016,267,47240,0.7782106152857734,0.8009867590504315,0.8074114918708801,0.8091173768043518,-0.022776143764658086,-0.21080294031680982,0.21080294031680982,10.0
division_within_10_frames,shape_r_norm_008,267,47240,0.9731329197294256,0.9565801310688131,0.9805678129196167,0.9667423665523529,0.016552788660612494,0.20534559568154895,0.20534559568154895,10.0
division_within_10_frames,shape_r_norm_028,267,47240,1.146904181228595,1.12873472846054,1.1241440773010254,1.1249794960021973,0.018169452768054928,0.20487689453547556,0.20487689453547556,10.0
division_within_10_frames,shape_r_norm_015,267,47240,0.7815141331836972,0.8030355802286893,0.8060078620910645,0.8112291395664215,-0.021521447044992037,-0.20008478397344956,0.20008478397344956,10.0
division_within_10_frames,shape_r_norm_017,267,47240,0.7820194755377394,0.8036614864345428,0.8093178868293762,0.8114599585533142,-0.0216420108968034,-0.2000840671203896,0.2000840671203896,10.0
division_within_10_frames,shape_r_norm_063,267,47240,1.1853530569915913,1.2120403323988103,1.176683783531189,1.195116639137268,-0.026687275407218936,-0.19551271220622865,0.19551271220622865,10.0
division_within_10_frames,shape_r_norm_034,267,47240,1.172066913338636,1.1930549343216732,1.1555464267730713,1.179226279258728,-0.020988020983037092,-0.16859408647701868,0.16859408647701868,10.0
division_within_10_frames,shape_r_norm_060,267,47240,1.1139594142356615,1.129400342667379,1.1005470752716064,1.123853862285614,-0.015440928431717627,-0.16798040639764855,0.16798040639764855,10.0
division_within_10_frames,shape_r_norm_000,267,47240,1.1949080715465188,1.218342047255994,1.181801676750183,1.2008108496665955,-0.023433975709475252,-0.1661251758337344,0.1661251758337344,10.0
division_within_10_frames,shape_r_norm_018,267,47240,0.7932763457967994,0.8110482495057315,0.8157118558883667,0.8186108469963074,-0.017771903708932113,-0.16544813225619098,0.16544813225619098,10.0
division_within_10_frames,shape_r_norm_009,267,47240,0.9334684266579731,0.9197900979733133,0.9501062035560608,0.931835412979126,0.01367832868465979,0.15727135185979607,0.15727135185979607,10.0
division_within_10_frames,shape_r_norm_035,267,47240,1.1478574010316798,1.1645410549693649,1.1331230401992798,1.1552069783210754,-0.016683653937685117,-0.15510970141021801,0.15510970141021801,10.0
division_within_10_frames,shape_r_norm_039,267,47240,1.0103629541754275,0.9988157441298604,1.0146270990371704,1.0041009783744812,0.011547210045567136,0.1511483893907047,0.1511483893907047,10.0
division_within_10_frames,shape_r_norm_041,267,47240,0.9343697678730283,0.9213447744952583,0.9416058659553528,0.9324851930141449,0.013024993377769967,0.1505353017212157,0.1505353017212157,10.0
division_within_10_frames,shape_r_norm_040,267,47240,0.9702274439933148,0.958174147259422,0.9749854207038879,0.9672203361988068,0.012053296733892882,0.14909741608457192,0.14909741608457192,10.0
division_within_10_frames,shape_r_norm_019,267,47240,0.8075941699497708,0.8232616504043921,0.8288989067077637,0.831339567899704,-0.015667480454621296,-0.14840245675371352,0.14840245675371352,10.0
division_within_10_frames,shape_r_norm_014,267,47240,0.7941953755273354,0.8099068308361096,0.8124955892562866,0.8191487789154053,-0.015711455308774158,-0.14780305908589503,0.14780305908589503,10.0
division_within_10_frames,shape_r_norm_033,267,47240,1.1908583279406086,1.2111652680164067,1.1770734786987305,1.1932347416877747,-0.02030694007579803,-0.14661752402107517,0.14661752402107517,10.0
division_within_10_frames,shape_r_norm_025,267,47240,1.0108187573679377,0.9998193817293614,1.0078610181808472,1.0046970844268799,0.010999375638576336,0.1435157360054863,0.1435157360054863,10.0
division_within_10_frames,shape_r_norm_042,267,47240,0.9018541826737507,0.8888812789161966,0.9109602570533752,0.9004445672035217,0.01297290375755411,0.14063579912552476,0.14063579912552476,10.0
division_within_10_frames,shape_r_norm_020,267,47240,0.8268868243426419,0.8402813854659643,0.8456569910049438,0.8496487140655518,-0.01339456112332238,-0.13035497894231235,0.13035497894231235,10.0
division_within_10_frames,shape_r_norm_032,267,47240,1.1988629591598938,1.2173823992886552,1.1922637224197388,1.1983962655067444,-0.01851944012876139,-0.12940904205894735,0.12940904205894735,10.0
division_within_10_frames,shape_r_norm_043,267,47240,0.8737289284945428,0.8614277798773927,0.8829379081726074,0.8727237582206726,0.012301148617150037,0.12622535862109627,0.12622535862109627,10.0
division_within_10_frames,shape_r_norm_059,267,47240,1.0780893296338199,1.087500731383153,1.068860650062561,1.0849427580833435,-0.009411401749333193,-0.1168739868409714,0.1168739868409714,10.0
division_within_10_frames,shape_r_norm_031,267,47240,1.1957485075300553,1.2113664708369167,1.1832020282745361,1.1945009231567383,-0.015617963306861382,-0.11311046049699741,0.11311046049699741,10.0
division_within_10_frames,shape_r_norm_001,267,47240,1.19683796256669,1.2121038055843867,1.1799887418746948,1.1952020525932312,-0.015265843017696623,-0.11184606132351206,0.11184606132351206,10.0
division_within_10_frames,shape_r_norm_013,267,47240,0.8103110594919112,0.8216908194036376,0.8284441232681274,0.8320806920528412,-0.011379759911726461,-0.10909546849488903,0.10909546849488903,10.0
division_within_10_frames,shape_r_norm_038,267,47240,1.0502405588546495,1.0420697970941952,1.0472867488861084,1.043537199497223,0.008170761760454281,0.10832346648218263,0.10832346648218263,10.0
division_within_10_frames,shape_r_norm_056,267,47240,0.9508695216214612,0.9593282205119704,0.9633910059928894,0.9678894281387329,-0.008458698890509209,-0.10534959103161981,0.10534959103161981,10.0
division_within_10_frames,shape_r_norm_044,267,47240,0.8497114371271169,0.8391765372069028,0.8602455258369446,0.8495240807533264,0.010534899920214169,0.10321621501903702,0.10321621501903702,10.0
division_within_10_frames,shape_r_norm_003,267,47240,1.1762682478526112,1.165131639562402,1.1624892950057983,1.1560978293418884,0.011136608290209127,0.1022452719363507,0.1022452719363507,10.0
division_within_10_frames,shape_r_norm_021,267,47240,0.8527357987919997,0.8626021015080075,0.8723961710929871,0.8726412057876587,-0.009866302716007858,-0.09966903512154028,0.09966903512154028,10.0
division_within_10_frames,shape_r_norm_036,267,47240,1.119061962942059,1.127513390547335,1.1210339069366455,1.1230016946792603,-0.00845142760527584,-0.09254359000573907,0.09254359000573907,10.0
division_within_10_frames,shape_r_norm_049,267,47240,0.8126120572344641,0.802642651176069,0.8270633816719055,0.8127935230731964,0.009969406058395025,0.09120627648320483,0.09120627648320483,10.0
division_within_10_frames,CIRCULARITY,267,47240,0.8261196764389325,0.8352447297570424,0.833836160073253,0.8650638260166919,-0.009125053318109977,-0.08736467357190626,0.08736467357190626,10.0
division_within_10_frames,shape_r_norm_010,267,47240,0.8956266862622807,0.887731348197658,0.9194823503494263,0.9004188776016235,0.007895338064622726,0.08504361886857341,0.08504361886857341,10.0
division_within_10_frames,shape_r_norm_057,267,47240,0.9939946271060558,1.0004734803140984,0.9942435622215271,1.004833161830902,-0.006478853208042645,-0.08448993258144599,0.08448993258144599,10.0
division_within_10_frames,shape_r_norm_045,267,47240,0.8308320275406712,0.8220410622157958,0.8395819664001465,0.8319905400276184,0.008790965324875444,0.08330125520480207,0.08330125520480207,10.0
division_within_10_frames,shape_r_norm_058,267,47240,1.0378168953045477,1.0437363867131422,1.0356807708740234,1.0439409017562866,-0.0059194914085944905,-0.07764961054492296,0.07764961054492296,10.0
division_within_10_frames,shape_r_norm_055,267,47240,0.9155453989345036,0.9217432891961052,0.9272319674491882,0.9327605664730072,-0.006197890261601557,-0.0722183183005108,0.0722183183005108,10.0
division_within_10_frames,shape_r_norm_048,267,47240,0.8079279468077399,0.8001623309877441,0.8210867643356323,0.8099581003189087,0.007765615819995797,0.07074349696181675,0.07074349696181675,10.0
division_within_10_frames,shape_radius_cv,267,47240,0.1716618958600399,0.1660947099307578,0.1476634016494263,0.1541237799187022,0.005567185929282098,0.06989628441712732,0.06989628441712732,10.0
division_within_10_frames,shape_r_norm_022,267,47240,0.883622174963969,0.8901288833548011,0.8982877731323242,0.900531530380249,-0.006506708390832117,-0.06923602817800498,0.06923602817800498,10.0
division_within_10_frames,shape_r_norm_050,267,47240,0.8168647909878791,0.8097167358564167,0.832240641117096,0.8198060393333435,0.0071480551314624385,0.06630369754085581,0.06630369754085581,10.0
division_within_10_frames,shape_contour_centroid_dy,267,47240,1.433391677450038e-06,8.730362758740533e-09,1.3179382525427423e-06,8.99046054758001e-09,1.4246613146912974e-06,0.06504869679290316,0.06504869679290316,10.0
division_within_10_frames,shape_r_norm_029,267,47240,1.1723899622534992,1.1659998531391014,1.1483608484268188,1.1574208736419678,0.006390109114397857,0.05966647724163549,0.05966647724163549,10.0
division_within_10_frames,shape_r_norm_024,267,47240,0.9641749278436439,0.9593834588580168,0.9727374315261841,0.9674622416496277,0.004791468985627101,0.05824940831502745,0.05824940831502745,10.0
division_within_10_frames,shape_r_norm_051,267,47240,0.8273908019289096,0.8218439785851943,0.840785026550293,0.831720620393753,0.005546823343715257,0.05264654841856054,0.05264654841856054,10.0
division_within_10_frames,shape_r_norm_030,267,47240,1.1876664931854506,1.1942598404834373,1.1666932106018066,1.1801327466964722,-0.0065933472979866625,-0.052448260674469824,0.052448260674469824,10.0
division_within_10_frames,shape_r_norm_012,267,47240,0.8332976001255521,0.8385594452788878,0.8568100929260254,0.8494246006011963,-0.00526184515333572,-0.051869298413887606,0.051869298413887606,10.0
division_within_10_frames,shape_r_norm_046,267,47240,0.8152638415942032,0.8098314917773312,0.8251369595527649,0.8197126984596252,0.0054323498168720175,0.050404283679287204,0.050404283679287204,10.0
division_within_10_frames,shape_r_norm_047,267,47240,0.8077352465538497,0.8024561729502946,0.8216515779495239,0.812079668045044,0.005279073603555062,0.04831949081631833,0.04831949081631833,10.0
division_within_10_frames,shape_r_norm_052,267,47240,0.8436469737621729,0.838771101715521,0.86173415184021,0.8493773639202118,0.004875872046651852,0.047978227787967925,0.047978227787967925,10.0
division_within_10_frames,shape_r_norm_054,267,47240,0.8856012672185898,0.8887867754033493,0.9063865542411804,0.9006272852420807,-0.003185508184759489,-0.03467283700030425,0.03467283700030425,10.0
division_within_10_frames,ELLIPSE_ASPECTRATIO,267,47240,1.5028604905606535,1.51204120267794,1.4679821021432342,1.454608717578204,-0.009180712117286438,-0.02923566469171105,0.02923566469171105,10.0
division_within_10_frames,shape_r_norm_037,267,47240,1.0874106841587394,1.0857508155499143,1.0889244079589844,1.0843393802642822,0.0016598686088251657,0.020697193715953636,0.020697193715953636,10.0
division_within_10_frames,shape_r_norm_053,267,47240,0.8625657084617722,0.8609225807826616,0.8746959567070007,0.8725484609603882,0.0016431276791105676,0.01693137581231557,0.01693137581231557,10.0
division_within_10_frames,shape_contour_centroid_dx,267,47240,3.1457559014020004e-07,-4.936482934784562e-08,4.1239962880367634e-07,3.044595179970715e-08,3.6394041948804567e-07,0.016856441932505857,0.016856441932505857,10.0
division_within_10_frames,shape_r_norm_023,267,47240,0.921444606356853,0.9224943673832754,0.9262266755104065,0.9325375258922577,-0.0010497610264224022,-0.011896797096067497,0.011896797096067497,10.0
division_within_10_frames,shape_r_norm_011,267,47240,0.8617037424210752,0.8605674029652038,0.8911960124969482,0.8725370168685913,0.001136339455871327,0.011644245941828576,0.011644245941828576,10.0
division_within_10_frames,shape_area_ratio,267,47240,0.9999999974273571,0.9999999987213571,1.0,1.0,-1.294000018248198e-09,-0.004359488492394053,0.004359488492394053,10.0
division_within_10_frames,shape_r_norm_002,267,47240,1.194318055213614,1.194002723025125,1.1739144325256348,1.180153250694275,0.0003153321884890037,0.002530363220723281,0.002530363220723281,10.0
division_within_10_frames,shape_reconstruction_area_ratio,267,47240,0.9998829809590892,0.9998790854663431,0.999968589858448,0.9999757188661129,3.895492746153195e-06,0.002398994475743562,0.002398994475743562,10.0
