target,feature,positive_count,negative_count,positive_mean,negative_mean,positive_median,negative_median,mean_diff,cohen_d,abs_cohen_d,horizon_frames
is_observed_division,SOLIDITY,43,2160,0.9549390555430469,0.9739608142105323,0.9607840851221106,0.9790404784077741,-0.019021758667485344,-1.3019926628138532,1.3019926628138532,
is_observed_division,shape_r_norm_005,43,2160,1.1149247427946432,1.083258283151964,1.1147489249706268,1.08433536312929,0.03166645964267922,0.5173390588973257,0.5173390588973257,
is_observed_division,shape_r_norm_027,43,2160,1.112053775887519,1.081637597689028,1.0998663306236267,1.0830559105407902,0.030416178198491073,0.5060573866326918,0.5060573866326918,
is_observed_division,shape_r_norm_026,43,2160,1.0649818273300014,1.035815282232104,1.059895888755196,1.0425201039273349,0.02916654509789729,0.4820772146483739,0.4820772146483739,
is_observed_division,shape_r_norm_006,43,2160,1.0620179073986795,1.0371978574370346,1.0688758343458176,1.0442863702774048,0.024820049961644886,0.4181503063054187,0.4181503063054187,
is_observed_division,shape_r_norm_038,43,2160,1.0625177583763517,1.0365589097413472,1.0629218816757202,1.043632759058026,0.025958848635004417,0.41557253506251557,0.41557253506251557,
is_observed_division,shape_contour_centroid_dy,43,2160,2.01848554670517e-06,7.869258130597586e-08,1.0580758898016468e-06,1.0563161453974623e-07,1.939792965399194e-06,0.40059766041227507,0.40059766041227507,
is_observed_division,shape_r_norm_037,43,2160,1.1074196547290371,1.0827057034283887,1.1071137547492982,1.0828012700487928,0.024713951300648462,0.38950023885562246,0.38950023885562246,
is_observed_division,shape_r_norm_028,43,2160,1.152538700495315,1.1266971332646836,1.156643311182658,1.124229932703623,0.025841567230631357,0.364269165701614,0.364269165701614,
is_observed_division,shape_r_norm_004,43,2160,1.154915891283319,1.1284834514004443,1.1565523386001586,1.1239082626998425,0.026432439882874803,0.35740595406397496,0.35740595406397496,
is_observed_division,shape_r_norm_039,43,2160,1.015152532953516,0.9919474460701253,1.0145051858641885,1.0041614189380552,0.023205086883390735,0.34349225471294165,0.34349225471294165,
is_observed_division,shape_r_norm_017,43,2160,0.7669180505757163,0.7975616081204107,0.7928193569183349,0.8079824922261415,-0.03064355754469439,-0.2933040526328628,0.2933040526328628,
is_observed_division,ELLIPSE_MINOR,43,2160,9.728782671771238,10.48687483311731,9.76687689685345,10.878215233985463,-0.758092161346072,-0.2856773515490134,0.2856773515490134,
is_observed_division,shape_r_norm_016,43,2160,0.7656869654248472,0.7948004765544765,0.7822762727737427,0.8054954734275012,-0.029113511129629344,-0.27865417033030865,0.27865417033030865,
is_observed_division,shape_r_norm_018,43,2160,0.7761524677287679,0.804843764171521,0.7986926490610297,0.8146378038587367,-0.028691296442753145,-0.27663516190847226,0.27663516190847226,
is_observed_division,AREA,43,2160,449.6888249832073,506.198620826054,408.4375,547.3658536585366,-56.5097958428467,-0.2732010352879185,0.2732010352879185,
is_observed_division,shape_r_norm_015,43,2160,0.7697506029586121,0.796792142824445,0.7804062843322754,0.807129489201488,-0.02704153986583291,-0.25960864642205067,0.25960864642205067,
is_observed_division,shape_r_norm_019,43,2160,0.7912013971876741,0.8167648584178746,0.8121166601777077,0.8278780935741052,-0.02556346123020048,-0.2509567765875233,0.2509567765875233,
is_observed_division,CIRCULARITY,43,2160,0.8158639447088065,0.8374106735076672,0.8225097096943175,0.8595176032121541,-0.02154672879886066,-0.25019362400150147,0.25019362400150147,
is_observed_division,shape_mean_radius,43,2160,11.399227217926091,12.119598795372687,11.216510772705078,12.96668260853465,-0.7203715774465955,-0.2419307148727896,0.2419307148727896,
is_observed_division,shape_r_norm_025,43,2160,1.007745440698817,0.9917734457580416,1.0122027695178986,1.0048621426963547,0.015971994940775502,0.23805528845520518,0.23805528845520518,
is_observed_division,RADIUS,43,2160,11.637438036833904,12.31632944409844,11.33975760611198,13.183823705694294,-0.6788914072645351,-0.23077911887817945,0.23077911887817945,
is_observed_division,shape_r_norm_020,43,2160,0.8120518020599409,0.8332774384486933,0.8106604367494583,0.8455978694714998,-0.02122563638875241,-0.21480271238513152,0.21480271238513152,
is_observed_division,ELLIPSE_MAJOR,43,2160,14.725744256760668,15.44606743606869,13.896850701616707,16.131195871913768,-0.7203231793080214,-0.2130122578777754,0.2130122578777754,
is_observed_division,shape_r_norm_007,43,2160,1.0066336552912212,0.9927190795686693,1.0181071758270264,1.0046063179104794,0.013914575722551836,0.2125525822252317,0.2125525822252317,
is_observed_division,shape_r_norm_040,43,2160,0.9666138873051753,0.950832140188371,0.9719456054947593,0.9672659759720166,0.015781747116804246,0.21042576301046756,0.21042576301046756,
is_observed_division,shape_r_norm_056,43,2160,0.9364808055506891,0.9515708464959718,0.9599102520280414,0.9685379659257284,-0.015090040945282657,-0.2006396072282697,0.2006396072282697,
is_observed_division,shape_r_norm_055,43,2160,0.8979484887874826,0.9139900446993553,0.9195591373877092,0.9340157894099631,-0.01604155591187273,-0.1933692358678496,0.1933692358678496,
is_observed_division,shape_r_norm_014,43,2160,0.7842045800646691,0.8038330756588067,0.785308301448822,0.8143957892387379,-0.019628495594137596,-0.19025345541345687,0.19025345541345687,
is_observed_division,shape_r_norm_021,43,2160,0.8385483504915692,0.8550228810542497,0.8430218935012818,0.8674351529377262,-0.016474530562680556,-0.17394409760211355,0.17394409760211355,
is_observed_division,shape_r_norm_054,43,2160,0.8660684136038442,0.8812647546924111,0.883741706609726,0.9001557456284035,-0.015196341088566823,-0.16933608408355974,0.16933608408355974,
is_observed_division,PERIMETER,43,2160,81.18181770203846,84.20937034884317,77.28725790675632,89.4530395397168,-3.0275526468047076,-0.1649258905420826,0.1649258905420826,
is_observed_division,shape_r_norm_046,43,2160,0.7859450054904056,0.8029777091914685,0.7882793247699738,0.8172944273267473,-0.017032703701062912,-0.16411486267645958,0.16411486267645958,
is_observed_division,shape_r_norm_036,43,2160,1.1409907369198324,1.1290252497595235,1.1446086764335632,1.1225006280799272,0.011965487160308985,0.16241804652215586,0.16241804652215586,
is_observed_division,shape_r_norm_047,43,2160,0.7789011158966815,0.7959666444868913,0.7841834723949432,0.810419212027294,-0.01706552859020971,-0.16223907930271478,0.16223907930271478,
is_observed_division,shape_r_norm_003,43,2160,1.185382367413068,1.169691589077415,1.1852462530136108,1.1578765018037989,0.0156907783356528,0.16017045796800702,0.16017045796800702,
is_observed_division,shape_r_norm_029,43,2160,1.1817309501054023,1.16809427105992,1.1875323454538982,1.1586650520563126,0.01363667904548227,0.1446577379193672,0.1446577379193672,
is_observed_division,shape_r_norm_013,43,2160,0.8013293479142872,0.8157333862090388,0.8142757415771484,0.8280371366962185,-0.014404038294751564,-0.14220129349270022,0.14220129349270022,
is_observed_division,shape_r_norm_041,43,2160,0.9249429710755379,0.913623993399204,0.9350055158138275,0.9316854280669515,0.011318977676333941,0.13711910143915143,0.13711910143915143,
is_observed_division,shape_r_norm_048,43,2160,0.7803634262504862,0.7938195475477612,0.8039472103118896,0.8078299589273406,-0.013456121297275025,-0.12692411736885603,0.12692411736885603,
is_observed_division,shape_r_norm_059,43,2160,1.0920194525901175,1.0838851198113755,1.08539979159832,1.0847761563609815,0.008134332778741982,0.1268555910688767,0.1268555910688767,
is_observed_division,shape_radius_cv,43,2160,0.18627495871472047,0.1748540768618474,0.1656465483813185,0.1574108012080953,0.011420881852873072,0.12459962234650308,0.12459962234650308,
is_observed_division,shape_contour_centroid_dx,43,2160,4.352230365086592e-07,-1.212122049296181e-07,-1.92718328245426e-07,2.3094323683783403e-08,5.564352414382773e-07,0.11847640009857481,0.11847640009857481,
is_observed_division,shape_r_norm_053,43,2160,0.8424530460781249,0.8536967345285545,0.8558738231658936,0.8710215185082205,-0.011243688450429667,-0.1182011216948481,0.1182011216948481,
is_observed_division,shape_reconstruction_area_ratio,43,2160,0.9995339378240462,0.9998104658505962,0.9999942997779593,0.9999936207968001,-0.00027652802654998254,-0.11790720906784741,0.11790720906784741,
is_observed_division,shape_r_norm_024,43,2160,0.9594846584468484,0.950908653905238,0.9633501420418421,0.9675825381182074,0.008576004541610338,0.11442667125345454,0.11442667125345454,
is_observed_division,shape_r_norm_062,43,2160,1.1887615306072492,1.2018330603803482,1.1813126368956133,1.180123829986991,-0.013071529773099,-0.10707170211770706,0.10707170211770706,
is_observed_division,shape_r_norm_045,43,2160,0.8038755713749587,0.8147225177558427,0.8113993243737654,0.8298263582756848,-0.010846946380884015,-0.10691694317014863,0.10691694317014863,
is_observed_division,shape_r_norm_033,43,2160,1.2092839754072389,1.2252006930637767,1.202774703502655,1.1954693330540034,-0.015916717656537793,-0.1062128663390439,0.1062128663390439,
is_observed_division,shape_r_norm_022,43,2160,0.8723939303462281,0.8818467386504362,0.874640221397082,0.8977151714810512,-0.009452808304208027,-0.1057677010161224,0.1057677010161224,
is_observed_division,shape_r_norm_032,43,2160,1.2155464399830065,1.231919997752862,1.2109881440798442,1.2017587277947404,-0.016373557769855607,-0.10324693153094006,0.10324693153094006,
is_observed_division,shape_r_norm_050,43,2160,0.7925538515101016,0.8033458801779887,0.8221270062706687,0.8168800931151321,-0.010792028667887088,-0.10293081424085157,0.10293081424085157,
is_observed_division,shape_r_norm_063,43,2160,1.2089119555858772,1.2237115099789468,1.1887671947479248,1.1951976442724708,-0.01479955439306968,-0.10157445307805713,0.10157445307805713,
is_observed_division,shape_r_norm_051,43,2160,0.8053004845624074,0.815194945169503,0.8249863584836324,0.8306935555566617,-0.009894460607095534,-0.09622143915963652,0.09622143915963652,
is_observed_division,shape_r_norm_000,43,2160,1.2172148235720361,1.2315661464384295,1.1916877508163453,1.1988920171517128,-0.014351322866393401,-0.09172765859049617,0.09172765859049617,
is_observed_division,shape_r_norm_052,43,2160,0.8229436921956963,0.8317478416620674,0.8322319280017506,0.84765002819208,-0.008804149466371092,-0.08851066782298582,0.08851066782298582,
is_observed_division,shape_r_norm_034,43,2160,1.193363833118431,1.2046245309163919,1.1897963540894645,1.1829284066107215,-0.011260697797960795,-0.0884960326037653,0.0884960326037653,
is_observed_division,shape_r_norm_031,43,2160,1.210714023990469,1.223764519993643,1.2051159540812175,1.1973663815637914,-0.013050496003174095,-0.08696840667489479,0.08696840667489479,
is_observed_division,shape_r_norm_008,43,2160,0.9575569798907332,0.9512662516069003,0.978487640619278,0.9690163786474026,0.006290728283832925,0.08475025634270268,0.08475025634270268,
is_observed_division,shape_r_norm_042,43,2160,0.8882768058297384,0.8810340613723507,0.8907868049361489,0.8983096583202546,0.0072427444573877064,0.08171825199224092,0.08171825199224092,
is_observed_division,shape_r_norm_049,43,2160,0.7876851766407585,0.7963309496225836,0.8204196393489838,0.810734238398679,-0.008645772981825006,-0.08165601016623202,0.08165601016623202,
is_observed_division,shape_r_norm_009,43,2160,0.9206937649959684,0.914333918698244,0.944671630859375,0.9333988378445308,0.0063598462977244585,0.07721575778188373,0.07721575778188373,
is_observed_division,shape_r_norm_012,43,2160,0.8258997030088792,0.8326719716873991,0.8419936746358871,0.847342545242329,-0.006772268678519988,-0.06889283783947771,0.06889283783947771,
is_observed_division,shape_r_norm_061,43,2160,1.1631206239662053,1.1692118910665605,1.1615001179955222,1.1563696177994334,-0.0060912671003552354,-0.062478148477639814,0.062478148477639814,
is_observed_division,shape_r_norm_057,43,2160,0.9893408362502779,0.9933858781585411,0.9963424106438955,1.0059257629441052,-0.004045041908263158,-0.05961839883220058,0.05961839883220058,
is_observed_division,shape_r_norm_002,43,2160,1.2094212503148074,1.20326616489391,1.186005711555481,1.1812128652402056,0.006155085420897377,0.04847835170900356,0.04847835170900356,
is_observed_division,shape_r_norm_060,43,2160,1.1321088451140708,1.12871896148955,1.1248173605312,1.1221645938980078,0.003389883624520751,0.04481811669816538,0.04481811669816538,
is_observed_division,ELLIPSE_ASPECTRATIO,43,2160,1.5510362032415352,1.5357772113044785,1.5352836715065155,1.4648306836673899,0.01525899193705671,0.043282534446215326,0.043282534446215326,
is_observed_division,shape_r_norm_044,43,2160,0.827543282656437,0.831466305983912,0.8288350972262296,0.8462244524405553,-0.0039230233274750725,-0.0399660686533777,0.0399660686533777,
is_observed_division,shape_r_norm_001,43,2160,1.2183735478652264,1.224106678005813,1.1877673214132136,1.194346654705885,-0.005733130140586518,-0.03857453745926844,0.03857453745926844,
is_observed_division,shape_r_norm_010,43,2160,0.8856555311281186,0.882255800846026,0.9118492484092713,0.8999045863110795,0.0033997302820926167,0.038117520459594455,0.038117520459594455,
is_observed_division,shape_area_ratio,43,2160,0.9999999940246797,0.9999999980253818,1.0,0.9999999980656208,-4.0007021029353496e-09,-0.03801993551313276,0.03801993551313276,
is_observed_division,shape_r_norm_043,43,2160,0.8564346141809014,0.8535724534304869,0.8619362413883209,0.8699617656427348,0.0028621607504144553,0.030481200688898025,0.030481200688898025,
is_observed_division,shape_r_norm_030,43,2160,1.1982109391005304,1.2017565890771829,1.2000085910161336,1.181818694539945,-0.0035456499766524097,-0.02845461042696965,0.02845461042696965,
is_observed_division,shape_r_norm_023,43,2160,0.91256876370086,0.913752386832478,0.9173832535743713,0.9315438000485301,-0.0011836231316179058,-0.01429404143502051,0.01429404143502051,
is_observed_division,shape_r_norm_035,43,2160,1.170448051848695,1.1714387074775494,1.1688162088394165,1.1592331293879485,-0.0009906556288543644,-0.010133338600450287,0.010133338600450287,
is_observed_division,shape_r_norm_011,43,2160,0.8544122498453095,0.8548414274216761,0.8705436706542968,0.8716939223500398,-0.0004291775763666239,-0.004547381204738145,0.004547381204738145,
is_observed_division,shape_r_norm_058,43,2160,1.038147533732829,1.0380445530989795,1.0441232919692993,1.0434149198415803,0.00010298063384950318,0.0016404021967295547,0.0016404021967295547,
division_within_3_frames,SOLIDITY,126,58073,0.9537414335992743,0.9761563005745993,0.9601875064139214,0.9799599198396793,-0.02241486697532502,-1.4342818195201639,1.4342818195201639,3.0
division_within_3_frames,shape_mean_radius,126,58073,11.430096440845066,13.086090901485353,11.019980430603027,13.557748794555664,-1.6559944606402865,-0.7049957988331929,0.7049957988331929,3.0
division_within_3_frames,AREA,126,58073,450.21031746031747,571.3212164000482,393.0,595.5,-121.11089893973076,-0.7033991024390642,0.7033991024390642,3.0
division_within_3_frames,RADIUS,126,58073,11.663810291168812,13.28593086712379,11.18439640236526,13.767844320097732,-1.6221205759549786,-0.7015941299464467,0.7015941299464467,3.0
division_within_3_frames,ELLIPSE_MINOR,126,58073,9.792120804337857,11.260562408794305,9.765451520198212,11.437585739690922,-1.468441604456448,-0.6810493301576668,0.6810493301576668,3.0
division_within_3_frames,ELLIPSE_MAJOR,126,58073,14.75847374216858,16.616588534015033,13.713510366908093,17.044058965970407,-1.8581147918464538,-0.6607119467889367,0.6607119467889367,3.0
division_within_3_frames,PERIMETER,126,58073,81.42802422357843,90.39250663816546,76.63114428316403,93.33379685028844,-8.964482414587025,-0.6237514200301977,0.6237514200301977,3.0
division_within_3_frames,CIRCULARITY,126,58073,0.8153820626764081,0.8502624100729279,0.8233422253374234,0.8679291055726027,-0.034880347396519795,-0.45400651481351456,0.45400651481351456,3.0
division_within_3_frames,shape_r_norm_005,126,58073,1.1182930890529874,1.0859199525603391,1.1117329001426697,1.0849354267120361,0.03237313649264828,0.41081414529484883,0.41081414529484883,3.0
division_within_3_frames,shape_r_norm_026,126,58073,1.0716536830342005,1.042683363293874,1.0610798001289368,1.0442522764205933,0.0289703197403266,0.3957364958806546,0.3957364958806546,3.0
division_within_3_frames,shape_r_norm_004,126,58073,1.1627846776493012,1.128819171518055,1.1528232097625732,1.1242154836654663,0.03396550613124605,0.37191678502761044,0.37191678502761044,3.0
division_within_3_frames,shape_r_norm_017,126,58073,0.7648854480376319,0.8024629391308377,0.7977012097835541,0.8110174536705017,-0.03757749109320574,-0.34308809468855833,0.34308809468855833,3.0
division_within_3_frames,shape_r_norm_027,126,58073,1.112567277181716,1.0865915148709773,1.0943157076835632,1.0856081247329712,0.025975762310738837,0.3413706147722681,0.3413706147722681,3.0
division_within_3_frames,shape_r_norm_016,126,58073,0.7627037765960845,0.7997453876286568,0.7933313548564911,0.8085944652557373,-0.03704161103257231,-0.3385616336350289,0.3385616336350289,3.0
division_within_3_frames,shape_r_norm_055,126,58073,0.8924165815114975,0.9206006130427772,0.91954705119133,0.9327439665794373,-0.028184031531279685,-0.32551701640607156,0.32551701640607156,3.0
division_within_3_frames,shape_r_norm_056,126,58073,0.9323193776229072,0.9583731425135044,0.9470857977867126,0.9680171012878418,-0.026053764890597186,-0.32394811958659514,0.32394811958659514,3.0
division_within_3_frames,shape_r_norm_015,126,58073,0.7666845411535294,0.8017783257816165,0.7846772074699402,0.8109055757522583,-0.0350937846280871,-0.3222234835986668,0.3222234835986668,3.0
division_within_3_frames,shape_r_norm_038,126,58073,1.0658125901033009,1.0425472146620292,1.065427541732788,1.0438144207000732,0.02326537544127172,0.3105604239554138,0.3105604239554138,3.0
division_within_3_frames,shape_r_norm_039,126,58073,1.0224336712133317,0.9987917268733773,1.0211703777313232,1.0043675899505615,0.02364194433995448,0.30881799874112664,0.30881799874112664,3.0
division_within_3_frames,shape_r_norm_054,126,58073,0.8594113452330469,0.8875313458047451,0.8839485943317413,0.9004319906234741,-0.028120000571698278,-0.30228638794365414,0.30228638794365414,3.0
division_within_3_frames,shape_r_norm_025,126,58073,1.0218934312699333,0.9993129178845466,1.014885663986206,1.0045883655548096,0.02258051338538669,0.29499279147037843,0.29499279147037843,3.0
division_within_3_frames,shape_r_norm_018,126,58073,0.7791209242173603,0.8098896144111705,0.8099184632301331,0.8182951211929321,-0.030768690193810122,-0.28296421421915147,0.28296421421915147,3.0
division_within_3_frames,shape_r_norm_003,126,58073,1.1968601487931751,1.1664814419826703,1.1898401975631714,1.1570101976394653,0.030378706810504807,0.2796019496165249,0.2796019496165249,3.0
division_within_3_frames,shape_r_norm_014,126,58073,0.779653565278129,0.808651477076398,0.7899161279201508,0.8185067772865295,-0.02899791179826894,-0.26921289001283166,0.26921289001283166,3.0
division_within_3_frames,shape_r_norm_006,126,58073,1.0603059530258179,1.0411430015399725,1.0622199773788452,1.043616771697998,0.019162951485845348,0.25913339611877934,0.25913339611877934,3.0
division_within_3_frames,shape_r_norm_053,126,58073,0.8354139047719183,0.859662267731846,0.841768890619278,0.8723660111427307,-0.024248362959927605,-0.24641143264765536,0.24641143264765536,3.0
division_within_3_frames,shape_r_norm_037,126,58073,1.1061817615751237,1.0867654958316593,1.1053743958473206,1.0848219394683838,0.019416265743464445,0.24503292385904676,0.24503292385904676,3.0
division_within_3_frames,shape_r_norm_013,126,58073,0.794907401005427,0.8205051642204619,0.7974861264228821,0.8315276503562927,-0.02559776321503493,-0.24242098269629683,0.24242098269629683,3.0
division_within_3_frames,shape_r_norm_040,126,58073,0.9768240565345401,0.9578017843250377,0.9766520261764526,0.967588484287262,0.019022272209502367,0.2339483991581918,0.2339483991581918,3.0
division_within_3_frames,shape_radius_cv,126,58073,0.18492651284767803,0.1666197303682736,0.1585583769921127,0.15354255699945316,0.018306782479404426,0.22168350808488183,0.22168350808488183,3.0
division_within_3_frames,shape_r_norm_019,126,58073,0.7986378579858749,0.8221306422125501,0.8248638808727264,0.8311318159103394,-0.023492784226675112,-0.21978522016606686,0.21978522016606686,3.0
division_within_3_frames,shape_r_norm_028,126,58073,1.1480217883511195,1.1288984780718192,1.1243802905082703,1.1248666048049927,0.019123310279300254,0.21795802723888474,0.21795802723888474,3.0
division_within_3_frames,shape_r_norm_041,126,58073,0.9382703044111766,0.9206165484440648,0.9447993338108063,0.9327003955841064,0.017653755967111828,0.20258007503644893,0.20258007503644893,3.0
division_within_3_frames,shape_r_norm_052,126,58073,0.817545501130914,0.8374043832506327,0.8326258361339569,0.8491795659065247,-0.019858882119718757,-0.1928204707277433,0.1928204707277433,3.0
division_within_3_frames,shape_r_norm_012,126,58073,0.8189456401363252,0.8374779838062484,0.838821142911911,0.8492765426635742,-0.01853234366992318,-0.18063805594927435,0.18063805594927435,3.0
division_within_3_frames,shape_r_norm_042,126,58073,0.9043782760226537,0.8878493378121658,0.9109755754470825,0.9007542133331299,0.016528938210487953,0.17748219071617574,0.17748219071617574,3.0
division_within_3_frames,shape_r_norm_057,126,58073,0.9867122159117744,0.9997493789780811,0.9967516362667084,1.0049396753311157,-0.013037163066306756,-0.1710741140856826,0.1710741140856826,3.0
division_within_3_frames,shape_r_norm_051,126,58073,0.8023033317119356,0.8203898032977498,0.8109582662582397,0.8316460847854614,-0.018086471585814223,-0.16947587057439975,0.16947587057439975,3.0
division_within_3_frames,shape_r_norm_020,126,58073,0.8219034759298204,0.8392094385829617,0.8441151082515717,0.8493770360946655,-0.017305962653141327,-0.16644053517905494,0.16644053517905494,3.0
division_within_3_frames,shape_r_norm_002,126,58073,1.2165607715409898,1.195799308081376,1.1863203644752502,1.1812033653259277,0.020761463459613827,0.1644895142500807,0.1644895142500807,3.0
division_within_3_frames,shape_r_norm_024,126,58073,0.9714711781532045,0.9587221033077659,0.9740934669971466,0.9675655961036682,0.012749074845438635,0.1546293201268248,0.1546293201268248,3.0
division_within_3_frames,shape_r_norm_050,126,58073,0.7928803059316817,0.8082767108010207,0.8079575598239899,0.8192464113235474,-0.01539640486933902,-0.1409385967921966,0.1409385967921966,3.0
division_within_3_frames,shape_r_norm_011,126,58073,0.8465670798979108,0.8596403197342118,0.8766689002513885,0.8726047277450562,-0.013073239836301043,-0.13250014814404118,0.13250014814404118,3.0
division_within_3_frames,shape_r_norm_047,126,58073,0.7882661310926317,0.8009276572082669,0.8038789927959442,0.8114369511604309,-0.012661526115635202,-0.11440837042652827,0.11440837042652827,3.0
division_within_3_frames,shape_r_norm_043,126,58073,0.8713350792725881,0.8601590327669248,0.8783548474311829,0.8725119829177856,0.011176046505663284,0.11338802900562354,0.11338802900562354,3.0
division_within_3_frames,shape_r_norm_007,126,58073,1.0059031290667397,0.997365763873468,1.0111019015312195,1.003936529159546,0.008537365193271751,0.1126253760738386,0.1126253760738386,3.0
division_within_3_frames,shape_r_norm_032,126,58073,1.2026957126836928,1.2189789650179434,1.2031610608100891,1.1987862586975098,-0.016283252334250653,-0.11176149678516985,0.11176149678516985,3.0
division_within_3_frames,shape_r_norm_046,126,58073,0.796240416074556,0.8082756129722812,0.82187220454216,0.8191103935241699,-0.012035196897725253,-0.110253452360207,0.110253452360207,3.0
division_within_3_frames,shape_r_norm_058,126,58073,1.035280150080484,1.0435071888856071,1.0417037606239319,1.0440813302993774,-0.0082270388051231,-0.10919457053588379,0.10919457053588379,3.0
division_within_3_frames,shape_r_norm_033,126,58073,1.1985468296777635,1.2131697110169855,1.1893276572227478,1.1940799951553345,-0.01462288133922196,-0.10382387730609709,0.10382387730609709,3.0
division_within_3_frames,shape_reconstruction_area_ratio,126,58073,0.9998056976339742,0.9999577797750137,1.0000025657664808,0.9999834024657842,-0.00015208214103945572,-0.10375389132925765,0.10375389132925765,3.0
division_within_3_frames,shape_r_norm_048,126,58073,0.7871548900055507,0.7986025734982791,0.8046776950359344,0.8091079592704773,-0.0114476834927284,-0.10297627793228409,0.10297627793228409,3.0
division_within_3_frames,shape_r_norm_021,126,58073,0.8514074337860894,0.861615301911048,0.8716614842414856,0.8726553320884705,-0.010207868124958552,-0.10206817484429699,0.10206817484429699,3.0
division_within_3_frames,shape_r_norm_061,126,58073,1.1559995081689622,1.1671243861398204,1.1405739188194275,1.1565080881118774,-0.011124877970858149,-0.10194697772729296,0.10194697772729296,3.0
division_within_3_frames,shape_r_norm_031,126,58073,1.1982607136643122,1.2125717773185505,1.187766671180725,1.1948686838150024,-0.014311063654238287,-0.10188106389930658,0.10188106389930658,3.0
division_within_3_frames,shape_r_norm_062,126,58073,1.1828473262370578,1.1952821834537375,1.1761885285377502,1.1803083419799805,-0.012434857216679696,-0.09920183746893262,0.09920183746893262,3.0
division_within_3_frames,shape_r_norm_034,126,58073,1.1842217341301933,1.1953059641920742,1.1774975657463074,1.180249571800232,-0.011084230061880973,-0.08768483787712371,0.08768483787712371,3.0
division_within_3_frames,shape_r_norm_036,126,58073,1.1368152035607233,1.1290956530654244,1.132580041885376,1.1241213083267212,0.0077195504952989324,0.08534059295642911,0.08534059295642911,3.0
division_within_3_frames,shape_r_norm_049,126,58073,0.791927397132866,0.8010802891909129,0.8187156319618225,0.8120173811912537,-0.009152892058046924,-0.08269676072516509,0.08269676072516509,3.0
division_within_3_frames,shape_r_norm_010,126,58073,0.8797809994883008,0.8869964479104288,0.9120359718799591,0.9006812572479248,-0.007215448422127957,-0.07700777360656087,0.07700777360656087,3.0
division_within_3_frames,ELLIPSE_ASPECTRATIO,126,58073,1.5362619053977153,1.513344972918424,1.4943296140138544,1.4552321255891596,0.022916932479291274,0.0716504257302618,0.0716504257302618,3.0
division_within_3_frames,shape_r_norm_029,126,58073,1.1732230323647697,1.1662893543424377,1.152827262878418,1.1575779914855957,0.006933678022331913,0.06483951386790261,0.06483951386790261,3.0
division_within_3_frames,shape_r_norm_045,126,58073,0.8146831095218658,0.8205091032316905,0.8320833742618561,0.8313151597976685,-0.005825993709824617,-0.05457654757732201,0.05457654757732201,3.0
division_within_3_frames,shape_area_ratio,126,58073,1.000000014146595,0.9999999986599726,1.0,1.0,1.5486622428895203e-08,0.05156578144432731,0.05156578144432731,3.0
division_within_3_frames,shape_r_norm_063,126,58073,1.2067270066056932,1.2135527041496101,1.1923165321350098,1.1959856748580933,-0.006825697543916931,-0.049365539244958574,0.049365539244958574,3.0
division_within_3_frames,shape_r_norm_022,126,58073,0.8844732947292782,0.8891261225120468,0.9016217887401581,0.9004653096199036,-0.004652827782768654,-0.04913277541811894,0.04913277541811894,3.0
division_within_3_frames,shape_r_norm_060,126,58073,1.1258654703223516,1.130204548869168,1.112661361694336,1.1242074966430664,-0.004339078546816477,-0.04723772872672618,0.04723772872672618,3.0
division_within_3_frames,shape_r_norm_035,126,58073,1.1618530915843115,1.1666008639749876,1.1573545932769775,1.1566753387451172,-0.0047477723906761415,-0.04405657907305341,0.04405657907305341,3.0
division_within_3_frames,shape_r_norm_030,126,58073,1.1893364323510065,1.194853540421735,1.1703565120697021,1.1807031631469727,-0.0055171080707285824,-0.04355253369341278,0.04355253369341278,3.0
division_within_3_frames,shape_contour_centroid_dy,126,58073,7.183509339745911e-07,2.058730612077872e-08,5.546923039678794e-07,6.407889188115955e-08,6.977636278538124e-07,0.03123724922081834,0.03123724922081834,3.0
division_within_3_frames,shape_r_norm_000,126,58073,1.2162614464759827,1.2201305951715868,1.1989228129386902,1.2012975215911865,-0.0038691486956041743,-0.026923630940839546,0.026923630940839546,3.0
division_within_3_frames,shape_r_norm_044,126,58073,0.8400763022521186,0.8376987989895488,0.8572001457214355,0.8491177558898926,0.0023775032625698023,0.023032550045889864,0.023032550045889864,3.0
division_within_3_frames,shape_r_norm_008,126,58073,0.9579625309459747,0.956182074639085,0.9665591418743134,0.9670985341072083,0.0017804563068897217,0.02191911084573699,0.02191911084573699,3.0
division_within_3_frames,shape_r_norm_001,126,58073,1.216288967738076,1.2140845565242642,1.1936818361282349,1.195811152458191,0.0022044112138117633,0.015803975664399804,0.015803975664399804,3.0
division_within_3_frames,shape_r_norm_023,126,58073,0.9229599410106265,0.9216396244646891,0.9288090169429779,0.9328075051307678,0.00132031654593745,0.014877184137035482,0.014877184137035482,3.0
division_within_3_frames,shape_r_norm_059,126,58073,1.0869788745092968,1.0878812692927426,1.0799936652183533,1.0851484537124634,-0.0009023947834458923,-0.011293722728476964,0.011293722728476964,3.0
division_within_3_frames,shape_contour_centroid_dx,126,58073,-2.398200616543022e-07,-1.0778212058442643e-07,1.5350186526206065e-07,5.865160981308061e-09,-1.3203794106987578e-07,-0.006013357641452926,0.006013357641452926,3.0
division_within_3_frames,shape_r_norm_009,126,58073,0.918881003345762,0.9192152902264039,0.9366116523742676,0.932297945022583,-0.0003342868806419652,-0.003811961441406873,0.003811961441406873,3.0
division_within_5_frames,SOLIDITY,179,54009,0.956021331030359,0.9762458989647863,0.9611111111111111,0.979981801637853,-0.020224567934427284,-1.3087263378359075,1.3087263378359075,5.0
division_within_5_frames,RADIUS,179,54009,11.64232740352707,13.327901553785935,11.11324596323283,13.785173268832098,-1.6855741502588657,-0.7441943381191481,0.7441943381191481,5.0
division_within_5_frames,shape_mean_radius,179,54009,11.423264189139426,13.128302738325697,10.994312286376953,13.576966285705566,-1.7050385491862716,-0.7408013670207332,0.7408013670207332,5.0
division_within_5_frames,ELLIPSE_MAJOR,179,54009,14.647118162191447,16.664237586645914,13.702453526132688,17.06866199622037,-2.0171194244544672,-0.728958578075774,0.728958578075774,5.0
division_within_5_frames,AREA,179,54009,450.91620111731845,574.1366346349682,387.99999999999994,597.0,-123.22043351764978,-0.7270691135379014,0.7270691135379014,5.0
division_within_5_frames,ELLIPSE_MINOR,179,54009,9.833466193264018,11.294541995498719,9.712768954304483,11.45634991963178,-1.461075802234701,-0.6898136105449888,0.6898136105449888,5.0
division_within_5_frames,PERIMETER,179,54009,81.01589883495173,90.65089167219928,76.31141661631413,93.42845208818741,-9.634992837247552,-0.6843093473570019,0.6843093473570019,5.0
division_within_5_frames,CIRCULARITY,179,54009,0.818995398287159,0.8510058081433741,0.8241785591120824,0.8682591947340651,-0.03201040985621517,-0.42293351299450127,0.42293351299450127,5.0
division_within_5_frames,shape_r_norm_005,179,54009,1.1171788989498628,1.0861977584169362,1.111091136932373,1.0851349830627441,0.030981140532926554,0.3945690553393381,0.3945690553393381,5.0
division_within_5_frames,shape_r_norm_026,179,54009,1.0670140265752484,1.0431484737447272,1.0549389123916626,1.0443848371505737,0.023865552830521164,0.3291612119982974,0.3291612119982974,5.0
division_within_5_frames,shape_r_norm_004,179,54009,1.1582700616820565,1.1289203787141218,1.1524176597595215,1.1243014335632324,0.02934968296793472,0.3220446240601937,0.3220446240601937,5.0
division_within_5_frames,shape_r_norm_006,179,54009,1.0651674517040146,1.041562389054941,1.0665556192398071,1.0437968969345093,0.023605062649073583,0.3213345286503261,0.3213345286503261,5.0
division_within_5_frames,shape_r_norm_016,179,54009,0.7672384541127935,0.7999263545055603,0.7949056625366211,0.8086724281311035,-0.03268790039276681,-0.30102844904241804,0.30102844904241804,5.0
division_within_5_frames,shape_r_norm_027,179,54009,1.1096369187925115,1.0869886783845764,1.0906602144241333,1.0857722759246826,0.022648240407935116,0.30010224751063874,0.30010224751063874,5.0
division_within_5_frames,shape_r_norm_017,179,54009,0.7701617431041249,0.802676065657333,0.8003042936325073,0.8111557364463806,-0.032514322553208075,-0.2991069993697849,0.2991069993697849,5.0
division_within_5_frames,shape_r_norm_015,179,54009,0.7703841563376634,0.8019412460450906,0.7869334816932678,0.81092768907547,-0.03155708970742721,-0.2919375878061435,0.2919375878061435,5.0
division_within_5_frames,shape_r_norm_018,179,54009,0.7830813711914937,0.8101414293682581,0.8070312142372131,0.8183404207229614,-0.02706005817676438,-0.2506942551879771,0.2506942551879771,5.0
division_within_5_frames,shape_r_norm_014,179,54009,0.7828015310471285,0.8088291264676865,0.7914794683456421,0.8185827732086182,-0.026027595420557992,-0.2434747799910705,0.2434747799910705,5.0
division_within_5_frames,shape_r_norm_038,179,54009,1.059843006413742,1.0427174613379961,1.056197166442871,1.0439494848251343,0.01712554507574593,0.2302315228800779,0.2302315228800779,5.0
division_within_5_frames,shape_r_norm_039,179,54009,1.016037223059372,0.9990247484953827,1.0146270990371704,1.0045325756072998,0.017012474563989244,0.22447652822860353,0.22447652822860353,5.0
division_within_5_frames,shape_r_norm_019,179,54009,0.7994960464911753,0.8223966438690967,0.8234571814537048,0.8313373923301697,-0.022900597377921383,-0.21581775634820533,0.21581775634820533,5.0
division_within_5_frames,shape_r_norm_003,179,54009,1.1894089249925242,1.1662875084280715,1.181464672088623,1.1569545269012451,0.023121416564452657,0.21397611819954263,0.21397611819954263,5.0
division_within_5_frames,shape_r_norm_013,179,54009,0.7990704909716239,0.820699794390693,0.8085574507713318,0.8316012024879456,-0.0216293034190691,-0.206363114662326,0.206363114662326,5.0
division_within_5_frames,shape_r_norm_028,179,54009,1.1470096097978133,1.1291554673815607,1.122994065284729,1.1250379085540771,0.017854142416252605,0.2050547588681281,0.2050547588681281,5.0
division_within_5_frames,shape_r_norm_025,179,54009,1.0153428895513439,0.9998280550609214,1.0141853094100952,1.0048528909683228,0.015514834490422458,0.20470458436235953,0.20470458436235953,5.0
division_within_5_frames,shape_r_norm_056,179,54009,0.9429279599109841,0.9588831730836549,0.9542631506919861,0.9681485891342163,-0.01595521317267079,-0.20035670542715003,0.20035670542715003,5.0
division_within_5_frames,shape_r_norm_007,179,54009,1.0127714079851544,0.9977796386117113,1.018212914466858,1.004044771194458,0.014991769373443153,0.19965591452578907,0.19965591452578907,5.0
division_within_5_frames,shape_r_norm_040,179,54009,0.9733319888567792,0.9580452055736106,0.9763656258583069,0.9676122069358826,0.01528678328316857,0.18992039342526368,0.18992039342526368,5.0
division_within_5_frames,shape_radius_cv,179,54009,0.1808476909925105,0.16609434774377738,0.15483465927425946,0.153427550067548,0.01475334324873312,0.18083398963048133,0.18083398963048133,5.0
division_within_5_frames,shape_r_norm_020,179,54009,0.8209397727883728,0.8395222705191774,0.8377015590667725,0.8496314883232117,-0.01858249773080456,-0.1799914472082994,0.1799914472082994,5.0
division_within_5_frames,shape_r_norm_055,179,54009,0.9057459579832727,0.9210974777872617,0.9230115413665771,0.9329268932342529,-0.015351519803988967,-0.17897937261888178,0.17897937261888178,5.0
division_within_5_frames,shape_r_norm_041,179,54009,0.9358439758503238,0.9209146000263208,0.9431966543197632,0.9328644871711731,0.014929375824003,0.1729818118351784,0.1729818118351784,5.0
division_within_5_frames,shape_r_norm_037,179,54009,1.0999535205643935,1.0868082390061269,1.1028586626052856,1.0849393606185913,0.013145281558266664,0.16691429545282654,0.16691429545282654,5.0
division_within_5_frames,shape_r_norm_054,179,54009,0.8728174687930326,0.8880329836139182,0.8852866888046265,0.9006705284118652,-0.015215514820885678,-0.1650127901302029,0.1650127901302029,5.0
division_within_5_frames,shape_r_norm_061,179,54009,1.1497141748833257,1.1668753655949036,1.1382932662963867,1.1564533710479736,-0.017161190711577845,-0.15837267864945798,0.15837267864945798,5.0
division_within_5_frames,shape_r_norm_042,179,54009,0.9021302231863224,0.8881824746148275,0.9112153649330139,0.9008116722106934,0.013947748571494945,0.1512378567279213,0.1512378567279213,5.0
division_within_5_frames,shape_r_norm_062,179,54009,1.1768051975266227,1.1946820834474565,1.168001651763916,1.1800899505615234,-0.017876885920833807,-0.1444032774643278,0.1444032774643278,5.0
division_within_5_frames,shape_r_norm_012,179,54009,0.823470184423404,0.8377080288902912,0.8527652621269226,0.8493508696556091,-0.01423784446688714,-0.13977308923774381,0.13977308923774381,5.0
division_within_5_frames,shape_r_norm_021,179,54009,0.8488090612701864,0.8619664520625063,0.8660252690315247,0.8728904128074646,-0.013157390792319923,-0.13243982276417837,0.13243982276417837,5.0
division_within_5_frames,shape_r_norm_053,179,54009,0.8476240977062194,0.8600979091865794,0.8575228452682495,0.8724505305290222,-0.012473811480359975,-0.1278105105170178,0.1278105105170178,5.0
division_within_5_frames,shape_r_norm_057,179,54009,0.990790635180873,1.0002413970584005,0.9932466745376587,1.0050625801086426,-0.00945076187752758,-0.12507848606085972,0.12507848606085972,5.0
division_within_5_frames,shape_r_norm_060,179,54009,1.1194154283853883,1.1302213296619776,1.1099257469177246,1.124189019203186,-0.010805901276589314,-0.11840560106944234,0.11840560106944234,5.0
division_within_5_frames,shape_r_norm_034,179,54009,1.180701768598077,1.1946575043003196,1.162414312362671,1.179929494857788,-0.013955735702242622,-0.11171164117119557,0.11171164117119557,5.0
division_within_5_frames,shape_r_norm_043,179,54009,0.8714723034277975,0.8605930488675606,0.8820677995681763,0.8727506995201111,0.010879254560236862,0.1114050447464085,0.1114050447464085,5.0
division_within_5_frames,shape_r_norm_051,179,54009,0.8091129349263687,0.8208011294540409,0.8149857521057129,0.8316910862922668,-0.011688194527672224,-0.11032814637544952,0.11032814637544952,5.0
division_within_5_frames,shape_r_norm_002,179,54009,1.208762460913738,1.1953205473852218,1.1843562126159668,1.1811696290969849,0.013441913528516203,0.1075497422754322,0.1075497422754322,5.0
division_within_5_frames,shape_r_norm_052,179,54009,0.8268970108731499,0.8378210790802564,0.8430929183959961,0.8492140173912048,-0.010924068207106452,-0.10688308336354709,0.10688308336354709,5.0
division_within_5_frames,shape_r_norm_058,179,54009,1.0358943223287274,1.04389537049346,1.0359206199645996,1.0442153215408325,-0.008001048164732572,-0.10668080097394038,0.10668080097394038,5.0
division_within_5_frames,shape_r_norm_032,179,54009,1.2033110870329362,1.2183064627447426,1.200132966041565,1.1988205909729004,-0.014995375711806425,-0.10444015851671201,0.10444015851671201,5.0
division_within_5_frames,shape_r_norm_033,179,54009,1.1979866673826505,1.2124844776063086,1.1823493242263794,1.1940231323242188,-0.014497810223658147,-0.10438238664119705,0.10438238664119705,5.0
division_within_5_frames,shape_r_norm_008,179,54009,0.9642500884040108,0.9565542974007692,0.9724301099777222,0.9672144651412964,0.007695791003241581,0.09564888244804623,0.09564888244804623,5.0
division_within_5_frames,shape_r_norm_050,179,54009,0.7989131783306932,0.8087023191551164,0.810659646987915,0.8194739818572998,-0.00978914082442317,-0.09028304813735318,0.09028304813735318,5.0
division_within_5_frames,shape_r_norm_063,179,54009,1.2006534078267699,1.212779926372825,1.1903877258300781,1.195792317390442,-0.012126518546055065,-0.08888081170004275,0.08888081170004275,5.0
division_within_5_frames,shape_r_norm_031,179,54009,1.1999071097240768,1.2119999497637235,1.1839138269424438,1.1948285102844238,-0.012092840039646724,-0.08737334785259648,0.08737334785259648,5.0
division_within_5_frames,shape_r_norm_022,179,54009,0.8814286747791248,0.8895230497744487,0.8982877731323242,0.90055912733078,-0.00809437499532395,-0.08605475570900849,0.08605475570900849,5.0
division_within_5_frames,shape_r_norm_029,179,54009,1.1753500350360764,1.166370426956921,1.1532886028289795,1.1576892137527466,0.008979608079155321,0.08456437007605987,0.08456437007605987,5.0
division_within_5_frames,shape_r_norm_024,179,54009,0.9661079994793045,0.959208029860972,0.9727600812911987,0.9677406549453735,0.006899969618332502,0.08441484742790818,0.08441484742790818,5.0
division_within_5_frames,shape_area_ratio,179,54009,1.000000023255962,0.9999999991299798,1.0,1.0,2.4125982212019892e-08,0.08051393567387385,0.08051393567387385,5.0
division_within_5_frames,shape_r_norm_059,179,54009,1.0817435150705903,1.0881257020328128,1.0749622583389282,1.0852611064910889,-0.00638218696222248,-0.0802227667305565,0.0802227667305565,5.0
division_within_5_frames,shape_r_norm_011,179,54009,0.8525314818880412,0.85992635188986,0.8820069432258606,0.8726584315299988,-0.007394870001818821,-0.07548037687904217,0.07548037687904217,5.0
division_within_5_frames,shape_r_norm_000,179,54009,1.2089037921841583,1.219296101910508,1.19391930103302,1.2012598514556885,-0.010392309726349636,-0.07328519185962665,0.07328519185962665,5.0
division_within_5_frames,shape_r_norm_035,179,54009,1.159217507812564,1.1661662934244006,1.1485174894332886,1.1563246250152588,-0.00694878561183665,-0.0649278787465174,0.0649278787465174,5.0
division_within_5_frames,shape_r_norm_047,179,54009,0.7944258632939621,0.8013348523542213,0.8048178553581238,0.8117972016334534,-0.006908989060259163,-0.06291744554855838,0.06291744554855838,5.0
division_within_5_frames,shape_r_norm_009,179,54009,0.9249517591305951,0.9195605604117955,0.9413120150566101,0.9323986768722534,0.005391198718799672,0.06201924386358342,0.06201924386358342,5.0
division_within_5_frames,shape_r_norm_044,179,54009,0.8443859346086087,0.8381528099992107,0.8593516945838928,0.8494037985801697,0.006233124609397955,0.06092393342970083,0.06092393342970083,5.0
division_within_5_frames,shape_r_norm_046,179,54009,0.8027234262261311,0.8086970991310739,0.8202275633811951,0.8194957375526428,-0.005973672904942773,-0.05517262040660535,0.05517262040660535,5.0
division_within_5_frames,shape_r_norm_048,179,54009,0.7929936982066937,0.7990301827686788,0.8087480068206787,0.8094130754470825,-0.006036484561985023,-0.0547030130831791,0.0547030130831791,5.0
division_within_5_frames,ELLIPSE_ASPECTRATIO,179,54009,1.5273991205300674,1.5118225570535067,1.487152185638504,1.4548187048367465,0.015576563476560779,0.04934348704144149,0.04934348704144149,5.0
division_within_5_frames,shape_r_norm_049,179,54009,0.7965043997131912,0.8015322123423585,0.8182942867279053,0.812367856502533,-0.005027812629167294,-0.04574713849836871,0.04574713849836871,5.0
division_within_5_frames,shape_contour_centroid_dy,179,54009,8.323551903811182e-07,4.976328606289679e-08,5.776195528069422e-07,7.978450842550339e-08,7.825919043182214e-07,0.03493631882426448,0.03493631882426448,5.0
division_within_5_frames,shape_r_norm_036,179,54009,1.1319687110085728,1.1289025259308414,1.1300666332244873,1.1240192651748657,0.003066185077731376,0.03406327700912959,0.03406327700912959,5.0
division_within_5_frames,shape_r_norm_001,179,54009,1.2091512233851343,1.2133498195221566,1.1896412372589111,1.1956897974014282,-0.004198596137022337,-0.03050494994028829,0.03050494994028829,5.0
division_within_5_frames,shape_r_norm_023,179,54009,0.9198448952682857,0.9221013097816785,0.9262266755104065,0.932921826839447,-0.002256414513392757,-0.02562381338140568,0.02562381338140568,5.0
division_within_5_frames,shape_reconstruction_area_ratio,179,54009,0.9999365064234955,0.9999640703951784,1.0000139941921184,0.9999839654213686,-2.7563971682909028e-05,-0.021040871914841032,0.021040871914841032,5.0
division_within_5_frames,shape_r_norm_030,179,54009,1.191981250347372,1.1945867100541374,1.1715642213821411,1.180642008781433,-0.0026054597067655116,-0.020784331898785684,0.020784331898785684,5.0
division_within_5_frames,shape_r_norm_010,179,54009,0.886091313881581,0.8873035467161101,0.9147493243217468,0.900705873966217,-0.0012122328345290923,-0.0130402754947706,0.0130402754947706,5.0
division_within_5_frames,shape_contour_centroid_dx,179,54009,1.7951553247334485e-07,-5.105312774592604e-08,3.2461544607400654e-07,4.7175172158043675e-08,2.3056866021927088e-07,0.010472501637202886,0.010472501637202886,5.0
division_within_5_frames,shape_r_norm_045,179,54009,0.8220088974723603,0.820932895045021,0.8287162780761719,0.8318183422088623,0.0010760024273392954,0.010167542962332042,0.010167542962332042,5.0
division_within_10_frames,SOLIDITY,266,44895,0.9593400459284885,0.9763588141422616,0.9656280606465109,0.9800000000000002,-0.017018768213773017,-1.1145819215470336,1.1145819215470336,10.0
division_within_10_frames,ELLIPSE_MAJOR,266,44895,14.88487885722181,16.716378630994285,13.728397467584617,17.09009741187763,-1.8314997737724745,-0.6779850767244644,0.6779850767244644,10.0
division_within_10_frames,RADIUS,266,44895,11.91334895341265,13.376012624280763,11.28731675460769,13.796713809378915,-1.462663670868114,-0.6678788507026704,0.6678788507026704,10.0
division_within_10_frames,shape_mean_radius,266,44895,11.707825554940934,13.177268622051383,11.163511753082275,13.592482566833496,-1.4694430671104488,-0.6603509621410262,0.6603509621410262,10.0
division_within_10_frames,AREA,266,44895,471.4868421052632,577.0910346363737,400.25,598.0000000000001,-105.60419253111053,-0.6401302439406319,0.6401302439406319,10.0
division_within_10_frames,PERIMETER,266,44895,82.4720151445488,90.9282243803299,76.63114428316403,93.45163999595157,-8.456209235781088,-0.620099462004729,0.620099462004729,10.0
division_within_10_frames,ELLIPSE_MINOR,266,44895,10.1171955474133,11.329479419091584,9.990232933051598,11.474466125653688,-1.2122838716782844,-0.5887140156851686,0.5887140156851686,10.0
division_within_10_frames,shape_r_norm_006,266,44895,1.067566976959544,1.0421727744272258,1.0617625713348389,1.0441267490386963,0.025394202532318166,0.35144512669776257,0.35144512669776257,10.0
division_within_10_frames,CIRCULARITY,266,44895,0.8276514597838359,0.8523181430949021,0.8345611585166837,0.8689424054618943,-0.02466668331106614,-0.33504993671838584,0.33504993671838584,10.0
division_within_10_frames,shape_r_norm_005,266,44895,1.1123586435963337,1.0866994419598688,1.1029815673828125,1.0855869054794312,0.025659201636464957,0.3296889611916193,0.3296889611916193,10.0
division_within_10_frames,shape_r_norm_007,266,44895,1.0198159659267367,0.9984174020439868,1.0235024094581604,1.004254698753357,0.021398563882749966,0.291135692892612,0.291135692892612,10.0
division_within_10_frames,shape_r_norm_027,266,44895,1.1077268777933336,1.0875668736406419,1.0881579518318176,1.0863254070281982,0.020160004152691702,0.2695981010206795,0.2695981010206795,10.0
division_within_10_frames,shape_r_norm_026,266,44895,1.0626200784866076,1.0438792900420972,1.0480263829231262,1.0447864532470703,0.018740788444510326,0.2625648557765252,0.2625648557765252,10.0
division_within_10_frames,shape_r_norm_062,266,44895,1.1643020170075553,1.1938263443188382,1.1547560691833496,1.179807186126709,-0.02952432731128285,-0.24371026477492455,0.24371026477492455,10.0
division_within_10_frames,shape_r_norm_061,266,44895,1.1415462258614992,1.1665661620028647,1.121620237827301,1.1567022800445557,-0.02501993614136544,-0.2345213633131901,0.2345213633131901,10.0
division_within_10_frames,shape_r_norm_004,266,44895,1.1493718391074275,1.1291006768834473,1.140725016593933,1.124611496925354,0.020271162223980177,0.22331328216092444,0.22331328216092444,10.0
division_within_10_frames,shape_r_norm_016,266,44895,0.7784473818719835,0.8002984011361773,0.8074796199798584,0.8089823722839355,-0.02185101926419386,-0.20348694942533285,0.20348694942533285,10.0
division_within_10_frames,shape_r_norm_063,266,44895,1.1850097992814572,1.2115177224985887,1.1756824851036072,1.1954782009124756,-0.026507923217131468,-0.19931284668084961,0.19931284668084961,10.0
division_within_10_frames,shape_r_norm_028,266,44895,1.1465184332284712,1.1294560835865721,1.1235712766647339,1.1254979372024536,0.01706234964189912,0.19766252609550788,0.19766252609550788,10.0
division_within_10_frames,shape_r_norm_008,266,44895,0.972652252455403,0.9571809733162241,0.980432778596878,0.9673550724983215,0.015471279139178895,0.1964168338577953,0.1964168338577953,10.0
division_within_10_frames,shape_r_norm_015,266,44895,0.7817359712338985,0.8023653966126695,0.8064711093902588,0.8110816478729248,-0.020629425378770994,-0.1930255936824656,0.1930255936824656,10.0
division_within_10_frames,shape_r_norm_017,266,44895,0.7824589842020121,0.8030659238948815,0.8097342848777771,0.8114923238754272,-0.02060693969286942,-0.1916491224134859,0.1916491224134859,10.0
division_within_10_frames,shape_r_norm_060,266,44895,1.1133995943499686,1.1304631182338296,1.1004912853240967,1.1245300769805908,-0.01706352388386101,-0.18928696144196563,0.18928696144196563,10.0
division_within_10_frames,shape_r_norm_034,266,44895,1.17075444231356,1.1936756992037385,1.1551980376243591,1.1798900365829468,-0.022921256890178432,-0.1872676535339132,0.1872676535339132,10.0
division_within_10_frames,shape_r_norm_035,266,44895,1.1468651489655775,1.1655939191151654,1.1329988241195679,1.1562303304672241,-0.01872877014958796,-0.17717215389127505,0.17717215389127505,10.0
division_within_10_frames,shape_r_norm_000,266,44895,1.1947590242651172,1.2179073079748373,1.1815425157546997,1.2010127305984497,-0.023148283709720108,-0.16785404312164887,0.16785404312164887,10.0
division_within_10_frames,shape_r_norm_041,266,44895,0.9355854152288652,0.9215626139360144,0.9416652917861938,0.9330032467842102,0.014022801292850828,0.16604901784053586,0.16604901784053586,10.0
division_within_10_frames,shape_r_norm_039,266,44895,1.0116008257955538,0.9995898013537652,1.014790117740631,1.004755973815918,0.012011024441788587,0.16219164304980693,0.16219164304980693,10.0
division_within_10_frames,shape_r_norm_040,266,44895,0.9714649682654474,0.9587166394750848,0.9750316441059113,0.9677753448486328,0.012748328790362584,0.1620947673817017,0.1620947673817017,10.0
division_within_10_frames,shape_r_norm_033,266,44895,1.1894651153930147,1.2111840627774695,1.1769902110099792,1.1935644149780273,-0.02171894738445479,-0.16016638755584356,0.16016638755584356,10.0
division_within_10_frames,shape_r_norm_042,266,44895,0.9030300349669349,0.8888243956480356,0.9110878109931946,0.900879979133606,0.014205639318899288,0.1570545764616534,0.1570545764616534,10.0
division_within_10_frames,shape_r_norm_018,266,44895,0.7939368590600508,0.8106039239865978,0.8157496750354767,0.8186545968055725,-0.016667064926546904,-0.15606210155854255,0.15606210155854255,10.0
division_within_10_frames,shape_r_norm_025,266,44895,1.0120362101640916,1.000665431596718,1.0082095861434937,1.005224347114563,0.011370778567373563,0.1529653975411949,0.1529653975411949,10.0
division_within_10_frames,shape_r_norm_059,266,44895,1.0773188942357113,1.088681680775755,1.0688385963439941,1.0856804847717285,-0.011362786540043635,-0.1446550557715611,0.1446550557715611,10.0
division_within_10_frames,shape_r_norm_009,266,44895,0.932465134258557,0.9201206043477127,0.9499682486057281,0.9324564933776855,0.012344529910844337,0.144496355848431,0.144496355848431,10.0
division_within_10_frames,shape_r_norm_043,266,44895,0.8748557159775182,0.8612232783640237,0.8839111626148224,0.8729703426361084,0.01363243761349453,0.1419736717885373,0.1419736717885373,10.0
division_within_10_frames,shape_r_norm_014,266,44895,0.7943272329586789,0.8092628142386028,0.8136361837387085,0.8188772201538086,-0.014935581279923893,-0.1414293040287085,0.1414293040287085,10.0
division_within_10_frames,shape_r_norm_019,266,44895,0.8082843379194575,0.822963998197301,0.8292400240898132,0.8315508365631104,-0.01467966027784351,-0.1398820841962098,0.1398820841962098,10.0
division_within_10_frames,shape_r_norm_032,266,44895,1.1974233328399801,1.216952352440693,1.1920287609100342,1.1984349489212036,-0.01952901960071296,-0.1396093744661926,0.1396093744661926,10.0
division_within_10_frames,shape_r_norm_056,266,44895,0.9500680133364254,0.9598070037437648,0.9629438519477844,0.9683456420898438,-0.009738990407339387,-0.12476793505235899,0.12476793505235899,10.0
division_within_10_frames,shape_r_norm_020,266,44895,0.8276898906867307,0.8401521148328752,0.8462348580360413,0.8498474955558777,-0.012462224146144507,-0.1221900727995206,0.1221900727995206,10.0
division_within_10_frames,shape_r_norm_031,266,44895,1.19443419127536,1.2108351240060897,1.1827295422554016,1.194501280784607,-0.016400932730729734,-0.12164676354337037,0.12164676354337037,10.0
division_within_10_frames,shape_r_norm_044,266,44895,0.8507709521100038,0.8388040895955389,0.8608689308166504,0.8496509790420532,0.011966862514464882,0.11876534500996859,0.11876534500996859,10.0
division_within_10_frames,shape_r_norm_038,266,44895,1.0514294036797114,1.0431433906745295,1.0474477410316467,1.0442465543746948,0.008286013005181836,0.1136391723034068,0.1136391723034068,10.0
division_within_10_frames,shape_r_norm_001,266,44895,1.1968175184009666,1.2120554000806378,1.1789388060569763,1.1955361366271973,-0.015237881679671217,-0.11361531160874996,0.11361531160874996,10.0
division_within_10_frames,shape_r_norm_057,266,44895,0.9930377858025687,1.001249377669789,0.9940161406993866,1.005362868309021,-0.008211591867220314,-0.11058695752238094,0.11058695752238094,10.0
division_within_10_frames,shape_r_norm_058,266,44895,1.0367683913922847,1.0448039601994976,1.0355601906776428,1.0445950031280518,-0.0080355688072129,-0.10851611784917722,0.10851611784917722,10.0
division_within_10_frames,shape_r_norm_013,266,44895,0.8099921880135859,0.8211265435701012,0.8281896114349365,0.8319808840751648,-0.011134355556515318,-0.10759922410807908,0.10759922410807908,10.0
division_within_10_frames,shape_r_norm_036,266,44895,1.1194721796458824,1.128797432603357,1.1218281388282776,1.1242345571517944,-0.00932525295747455,-0.10437839210997717,0.10437839210997717,10.0
division_within_10_frames,shape_r_norm_049,266,44895,0.8131128252112776,0.8021218621892777,0.8279432058334351,0.8127058744430542,0.010990963021999867,0.10107787629718532,0.10107787629718532,10.0
division_within_10_frames,shape_r_norm_003,266,44895,1.176617066438933,1.1659037487864534,1.1633606553077698,1.1569052934646606,0.010713317652479626,0.10025779951944488,0.10025779951944488,10.0
division_within_10_frames,shape_r_norm_045,266,44895,0.8315834958750502,0.8215614021713955,0.8398142755031586,0.8319887518882751,0.0100220937036547,0.09597963753167955,0.09597963753167955,10.0
division_within_10_frames,shape_r_norm_021,266,44895,0.8537365318016898,0.8626510623197325,0.8728177547454834,0.873153030872345,-0.008914530518042696,-0.09088779082173866,0.09088779082173866,10.0
division_within_10_frames,shape_r_norm_048,266,44895,0.8084959429233594,0.7996023247662571,0.821633517742157,0.8099015355110168,0.008893618157102212,0.08145842845557316,0.08145842845557316,10.0
division_within_10_frames,shape_r_norm_055,266,44895,0.9152570692892361,0.9219017662556854,0.9272086024284363,0.9330393671989441,-0.006644696966449315,-0.07899543327173784,0.07899543327173784,10.0
division_within_10_frames,shape_r_norm_010,266,44895,0.8946430958751449,0.8877967635193067,0.9192121624946594,0.9009552597999573,0.006846332355838203,0.07479894722887563,0.07479894722887563,10.0
division_within_10_frames,shape_r_norm_050,266,44895,0.8172640273893687,0.8092672724793318,0.8329122066497803,0.8197652697563171,0.007996754910036818,0.07459110617646539,0.07459110617646539,10.0
division_within_10_frames,shape_radius_cv,266,44895,0.17112910049053545,0.16521027910147484,0.14758722993439155,0.15307186856126284,0.005918821389060608,0.07426859407715093,0.07426859407715093,10.0
division_within_10_frames,shape_r_norm_024,266,44895,0.9654466783193717,0.9600626706227333,0.9727487564086914,0.9679606556892395,0.005384007696638382,0.06700967767642105,0.06700967767642105,10.0
division_within_10_frames,shape_contour_centroid_dy,266,44895,1.4408685892539205e-06,9.384101726227117e-09,1.3190576272533678e-06,1.561400627576877e-08,1.4314844875276934e-06,0.06372821011985424,0.06372821011985424,10.0
division_within_10_frames,shape_r_norm_046,266,44895,0.8159482370417818,0.8092835218252006,0.8251927196979523,0.8196859359741211,0.006664715216581185,0.06229973597875374,0.06229973597875374,10.0
division_within_10_frames,shape_r_norm_022,266,44895,0.8845907307433006,0.8903182335547263,0.8988022804260254,0.9008976817131042,-0.005727502811425644,-0.06174927095350747,0.06174927095350747,10.0
division_within_10_frames,shape_r_norm_051,266,44895,0.8276721946054831,0.821397724301071,0.842094361782074,0.8316914439201355,0.006274470304412083,0.059932064920457113,0.059932064920457113,10.0
division_within_10_frames,shape_r_norm_047,266,44895,0.808359414675182,0.8018914440414637,0.8226460218429565,0.8119949698448181,0.00646797063371829,0.05956170981152288,0.05956170981152288,10.0
division_within_10_frames,shape_reconstruction_area_ratio,266,44895,0.9999045906448073,0.999973167252298,0.9999691951980705,0.9999845459441304,-6.857660749071126e-05,-0.05714646808892492,0.05714646808892492,10.0
division_within_10_frames,shape_r_norm_030,266,44895,1.1869221121296847,1.1938863195493021,1.1665909886360168,1.1801190376281738,-0.006964207419617452,-0.05658414891236181,0.05658414891236181,10.0
division_within_10_frames,shape_r_norm_012,266,44895,0.8327823289130863,0.838130954430727,0.8562023043632507,0.8495679497718811,-0.005348625517640704,-0.05322967953017422,0.05322967953017422,10.0
division_within_10_frames,shape_r_norm_052,266,44895,0.8437812712071533,0.8384202011031647,0.8633424639701843,0.8492841124534607,0.005361070103988563,0.053182464619313134,0.053182464619313134,10.0
division_within_10_frames,shape_r_norm_029,266,44895,1.1718676215723942,1.1662967896697807,1.1474196910858154,1.1576557159423828,0.005570831902613538,0.05296926646531666,0.05296926646531666,10.0
division_within_10_frames,shape_r_norm_054,266,44895,0.8852477564959598,0.8887400460759015,0.9050067961215973,0.9008275270462036,-0.003492289579941743,-0.0385652353751483,0.0385652353751483,10.0
division_within_10_frames,ELLIPSE_ASPECTRATIO,266,44895,1.502077789551967,1.5099248194986254,1.4672943444321394,1.4544217513759994,-0.007847029946658424,-0.02546567601766987,0.02546567601766987,10.0
division_within_10_frames,shape_r_norm_053,266,44895,0.8624953983309573,0.8607080281603933,0.874158501625061,0.8725646734237671,0.0017873701705640732,0.018618854547535268,0.018618854547535268,10.0
division_within_10_frames,shape_contour_centroid_dx,266,44895,3.186243912211334e-07,-5.111821545761366e-08,4.339004221666384e-07,7.92958492338503e-08,3.6974260667874704e-07,0.01669767455071629,0.01669767455071629,10.0
division_within_10_frames,shape_r_norm_037,266,44895,1.0881017666114003,1.0870514760305228,1.0897393822669983,1.0852468013763428,0.0010502905808775775,0.013490876123861417,0.013490876123861417,10.0
division_within_10_frames,shape_r_norm_011,266,44895,0.8609705017249387,0.8603553798558757,0.890987902879715,0.8727766871452332,0.0006151218690629845,0.006374051614917509,0.006374051614917509,10.0
division_within_10_frames,shape_r_norm_023,266,44895,0.9226489585817308,0.9229508529846938,0.9266397953033447,0.9331787824630737,-0.00030189440296302106,-0.003485214728995815,0.003485214728995815,10.0
division_within_10_frames,shape_area_ratio,266,44895,0.9999999979927123,0.9999999988804331,1.0,1.0,-8.877207857693747e-10,-0.002971420523880704,0.002971420523880704,10.0
division_within_10_frames,shape_r_norm_002,266,44895,1.1943739074513429,1.1944177623646923,1.1738982796669006,1.1807502508163452,-4.3854913349461455e-05,-0.0003575782691643683,0.0003575782691643683,10.0
