LABEL,TRACK_ID,SPOT_SOURCE_ID,SPOT_TARGET_ID,LINK_COST,DIRECTIONAL_CHANGE_RATE,SPEED,DISPLACEMENT,EDGE_TIME,EDGE_X_LOCATION,EDGE_Y_LOCATION,EDGE_Z_LOCATION,MANUAL_EDGE_COLOR
Label,Track ID,Source spot ID,Target spot ID,Edge cost,Directional change rate,Speed,Displacement,Edge time,Edge X,Edge Y,Edge Z,Manual edge color
Label,Track ID,Source ID,Target ID,Cost,γ rate,Speed,Disp.,Edge T,Edge X,Edge Y,Edge Z,Edge color
,,,,(cost),(rad/frames),(pixels/frames),(pixels),(frames),(pixels),(pixels),(pixels),
ID35820 → ID35841,0,35820,35841,0.06496927129060581,2.2330054928802157,0.5557554848518621,0.5557554848518621,20.5,31.857473792503548,232.92549731179474,0.0,
ID36025 → ID36026,0,36025,36026,0.04406381656191671,1.9202985281513725,0.396732835161811,0.396732835161811,36.5,33.83450455452295,233.6429576974155,0.0,
ID35670 → ID35708,0,35670,35708,0.16696428571428568,0.24444352889477172,1.7244855307327258,1.7244855307327258,3.5,32.80772095207,231.74335859295311,0.0,
ID35684 → ID36102,0,35684,36102,0.09718991638900898,0.10544068995522694,1.047228248998577,1.047228248998577,5.5,33.915512836212166,232.83019888785844,0.0,
ID35831 → ID35734,0,35831,35734,0.05732344291796765,2.969651362845237,0.42548633728906193,0.42548633728906193,11.5,33.559407280350676,232.80788287184515,0.0,
ID35856 → ID35859,0,35856,35859,0.07474110760918506,0.4899465641400003,0.564430829753552,0.564430829753552,22.5,33.33704863347428,231.95547648717016,0.0,
ID35664 → ID35644,0,35664,35644,0.15419387242591598,0.7110921195440393,1.297500739510777,1.297500739510777,1.5,30.67377944251936,230.90374361083298,0.0,
ID36102 → ID35697,0,36102,35697,0.11477516059957171,1.5004908135615587,0.9172011709749328,0.9172011709749328,6.5,34.539438807360355,233.18928064971797,0.0,
ID36061 → ID36044,0,36061,36044,0.0895975702353834,1.002396335858917,0.7075452752853736,0.7075452752853736,38.5,33.303169335697376,234.74545084864326,0.0,
ID36068 → ID36082,0,36068,36082,0.14138643426329378,0.6853261339630736,1.3379745239925458,1.3379745239925458,40.5,32.18289323548365,237.00089435599392,0.0,
ID35859 → ID35879,0,35859,35879,0.06912840844387369,1.4154803172426305,0.6555570635237322,0.6555570635237322,23.5,33.75391599103121,232.16023311248165,0.0,
ID35975 → ID36005,0,35975,36005,0.2116564417177914,0.9784885480723579,1.8944481766660082,1.8944481766660082,33.5,35.71679638956755,231.58196856589637,0.0,
ID35644 → ID35670,0,35644,35670,0.17728055077452665,2.095626737425924,1.6484540624574577,1.6484540624574577,2.5,31.1545075499756,231.48103890257215,0.0,
ID35955 → ID35972,0,35955,35972,0.21258565674530594,0.7766599972453959,1.8801306167057528,1.8801306167057528,31.5,36.36074365566034,232.19768349540257,0.0,
ID35697 → ID35662,0,35697,35662,0.19273034657650046,0.17295711884585724,1.6466449408528918,1.6466449408528918,7.5,35.71572762801252,232.69087861893792,0.0,
ID35662 → ID35710,0,35662,35710,0.05539131787770568,1.7226226722256304,0.047006802828552297,0.047006802828552297,8.5,36.459704600894995,232.34583200424328,0.0,
ID35755 → ID35744,0,35755,35744,0.09009973242520053,0.6747870776053928,0.7289254610663848,0.7289254610663848,13.5,34.1031426485972,231.5633844270208,0.0,
ID36092 → ID35664,0,36092,35664,0.17786012042612165,NaN,1.7706742098839223,1.7706742098839223,0.5,30.88113777744652,229.47824975259107,0.0,
ID35841 → ID35856,0,35841,35856,0.1623835074837654,1.2234979573226021,1.381160100853803,1.381160100853803,21.5,32.59004161621246,232.54067430622638,0.0,
ID35734 → ID35755,0,35734,35755,0.09077133992351438,0.7895091274119039,0.869816787975986,0.869816787975986,12.5,33.78458543552883,232.24751768147996,0.0,
ID35708 → ID35684,0,35708,35684,0.05626449726774552,1.0394819750070128,0.3731563554771691,0.3731563554771691,4.5,33.68411244712645,232.1595709546278,0.0,
ID35972 → ID35975,0,35972,35975,0.06591036272065787,1.9262043063936962,0.6841156279563179,0.6841156279563179,32.5,36.886218632252955,231.48999968752685,0.0,
ID35710 → ID35724,0,35710,35724,0.22298456260720412,1.8502684008231307,2.112209301755801,2.112209301755801,9.5,35.41130413042701,232.40125454791087,0.0,
ID35920 → ID35943,0,35920,35943,0.06178946005438013,1.8762086033867,0.46627603382916677,0.46627603382916677,29.5,35.35581276876071,234.1795655265152,0.0,
ID35993 → ID36025,0,35993,36025,0.12107279693486594,0.7153150903544817,1.2502380757836875,1.2502380757836875,35.5,34.08333305589791,233.11071437845698,0.0,
ID35744 → ID35800,0,35744,35800,0.1652754590984975,2.750693714215171,1.5734575690052448,1.5734575690052448,14.5,34.049735130356495,232.03105376799942,0.0,
ID35798 → ID35820,0,35798,35820,0.127360109852387,0.26244163903022966,1.0672889501888665,1.0672889501888665,19.5,32.07442728794213,232.56139450851873,0.0,
ID35878 → ID35931,0,35878,35931,0.16284038485091867,0.9005820011734138,1.4282763942450085,1.4282763942450085,25.5,34.9754609392956,232.77716373677117,0.0,
ID35797 → ID35798,0,35797,35798,0.1278430206629988,0.39142083165824715,1.0070651371761228,1.0070651371761228,18.5,33.03581925266472,232.19662018531977,0.0,
ID35931 → ID35908,0,35931,35908,0.13652460617901963,0.022468518538269925,1.186865591862182,1.186865591862182,26.5,36.27939073892642,232.68075293217203,0.0,
ID35724 → ID35831,0,35724,35831,0.1420934858279459,0.4487587159366654,1.0884395452843307,1.0884395452843307,10.5,33.873009808227195,232.68563460693895,0.0,
ID35765 → ID35776,0,35765,35776,0.14579492270599814,2.6198876183192943,1.4291419988834606,1.4291419988834606,16.5,34.13427692933337,232.90168337998233,0.0,
ID35776 → ID35797,0,35776,35797,0.11712892879899761,1.7005510306630307,0.8257535396588762,0.8257535396588762,17.5,33.93371544285328,232.15034744366494,0.0,
ID36026 → ID36061,0,36026,36061,0.08890361046704254,1.9882937951587694,1.016018329334892,1.016018329334892,37.5,33.63348294734995,234.0616365880154,0.0,
ID36044 → ID36068,0,36044,36068,0.12828524168351407,0.8667352602965946,1.6741519443357888,1.6741519443357888,39.5,32.84481799977167,235.74502678757847,0.0,
ID35908 → ID35896,0,35908,35896,0.07064475675689452,1.5645655068791802,0.4636339208050815,0.4636339208050815,27.5,36.88739720843425,232.87554520248688,0.0,
ID35943 → ID35955,0,35943,35955,0.13067729083665336,0.6535787010743133,1.3054894180488623,1.3054894180488623,30.5,35.41252992066189,233.33171715069682,0.0,
ID36005 → ID35993,0,36005,35993,0.10907318139359212,0.4181157350539036,0.8995812116075439,0.8995812116075439,34.5,34.486638830352206,232.1860864371564,0.0,
ID35800 → ID35765,0,35800,35765,0.08246515404114207,0.6413005540414416,0.8562851988726278,0.8562851988726278,15.5,33.830667232319065,233.16862884166565,0.0,
ID35879 → ID35878,0,35879,35878,0.07094643811003909,0.283903629038102,0.5277903381510601,0.5277903381510601,24.5,34.083147225518154,232.6447527949822,0.0,
ID35896 → ID35920,0,35896,35920,0.2110210417385291,0.9139698942069915,1.9397006634457836,1.9397006634457836,28.5,36.17689809704656,233.7496747345548,0.0,
ID35729 → ID35747,1,35729,35747,0.08684786649593157,1.1382356164800282,0.9638755175509299,0.9638755175509299,12.5,148.54369163955533,31.34621104734363,0.0,
ID35689 → ID35649,1,35689,35649,0.12613805661314348,0.9547630162886926,1.7454945102536115,1.7454945102536115,7.5,149.27026307026307,30.01077838827839,0.0,
ID35719 → ID35826,1,35719,35826,0.04530298051594872,0.13740458871718275,0.34739973171677924,0.34739973171677924,10.5,148.5206846819761,30.779323840113598,0.0,
ID36097 → ID35689,1,36097,35689,0.1194010331524229,1.2155237374867762,1.2607331986652606,1.2607331986652606,6.5,148.79486953802308,28.758257970706104,0.0,
ID35679 → ID36097,1,35679,36097,0.03943082461854963,0.4257530920685427,0.38889136334367674,0.38889136334367674,5.5,148.12816525857994,28.482669569958468,0.0,
ID35649 → ID35695,1,35649,35695,0.04366296908189782,0.1528000642488062,0.16248790512402406,0.16248790512402406,8.5,149.25269538483036,30.963741309436468,0.0,
ID35653 → ID35693,1,35653,35693,0.1504885993485342,1.0698000403722814,1.6963284293741974,1.6963284293741974,3.5,148.54020725585767,28.65192274602844,0.0,
ID35760 → ID35771,1,35760,35771,0.13468248429867413,0.16366354522221627,1.7355601929967897,1.7355601929967897,16.5,150.64375491802727,31.856837393671597,0.0,
ID35650 → ID35639,1,35650,35639,0.07579300833483216,2.350777530108598,0.7905872382264719,0.7905872382264719,1.5,151.0085944188637,29.385925731641763,0.0,
ID35747 → ID35739,1,35747,35739,0.09451045681574621,0.8395099357492576,0.9911283169971421,0.9911283169971421,13.5,149.34446969157813,31.740670622547558,0.0,
ID35785 → ID35760,1,35785,35760,0.07884654164146032,2.5941466684489614,0.9276082226105234,0.9276082226105234,15.5,150.02153142601657,33.02952564751232,0.0,
ID36083 → ID35650,1,36083,35650,0.14789183298140474,NaN,1.6636405401455812,1.6636405401455812,0.5,150.59224359517663,28.9251138280351,0.0,
ID35639 → ID35653,1,35639,35653,0.1757501530924679,1.157252068706033,1.7594325122666876,1.7594325122666876,2.5,149.99452652285987,28.960117351784017,0.0,
ID35695 → ID35719,1,35695,35719,0.07387331110013884,2.0655597635042646,0.6153586914811937,0.6153586914811937,9.5,148.97605238845054,30.93215957732842,0.0,
ID35826 → ID35729,1,35826,35729,0.07014719411223513,1.3556404750771915,0.26103282597225397,0.26103282597225397,11.5,148.29489628206858,30.856175278974405,0.0,
ID35739 → ID35785,1,35739,35785,0.11639118457300279,1.5737098141235772,1.6530242705278921,1.6530242705278921,14.5,149.80064771038553,32.588149881367215,0.0,
ID35771 → ID35780,1,35771,35780,0.10976737165820816,3.02591589124389,0.6242492616579599,0.6242492616579599,17.5,150.84396867339072,31.335025399060218,0.0,
ID35693 → ID35679,1,35693,35679,0.04895394043091894,2.4846482361723687,0.4116371247738201,0.4116371247738201,4.5,147.85199084656907,28.75978638706618,0.0,
ID35832 → ID35735,2,35832,35735,0.057874972387895074,2.177402254224536,0.5416877677150904,0.5416877677150904,11.5,3.6305075462512173,245.46669439034946,0.0,
ID35842 → ID35858,2,35842,35858,0.05742621770775069,0.02489540841039405,0.417794179600038,0.417794179600038,21.5,2.687762416794675,243.06260191421484,0.0,
ID35977 → ID36006,2,35977,36006,0.1149825783972126,0.54170428138153,0.19456395533238305,0.19456395533238305,33.5,1.4817690471617877,243.76701006886333,0.0,
ID35956 → ID35974,2,35956,35974,0.11219512195121994,2.771295946195532,1.0811322373284111,1.0811322373284111,31.5,1.9239270654831815,243.7572603988165,0.0,
ID35666 → ID35645,2,35666,35645,0.1002222381532728,2.614500485532383,0.4428381572086436,0.4428381572086436,1.5,4.141333086744479,247.00968470114037,0.0,
ID35665 → ID35712,2,35665,35712,0.061240616357171596,2.5602691890383333,0.7082786579386809,0.7082786579386809,8.5,4.158058608058608,245.08799687966356,0.0,
ID35909 → ID35897,2,35909,35897,0.08778625954198505,2.715233828668718,0.850810552772756,0.850810552772756,27.5,2.3891610825530876,244.07956596903495,0.0,
ID35897 → ID35921,2,35897,35921,0.1880952380952381,2.6747102153666953,1.0718676816065704,1.0718676816065704,28.5,2.153776279734074,244.15447412617993,0.0,
ID35921 → ID35944,2,35921,35944,0.097713097713099,2.5719237946908566,0.6422659631100472,0.6422659631100472,29.5,1.8952241715399611,244.33790889753936,0.0,
ID35861 → ID35881,2,35861,35881,0.05591397849462365,2.040977591316464,0.22604207861307143,0.22604207861307143,23.5,2.589898024999796,243.05337562560726,0.0,
ID35711 → ID35685,2,35711,35685,0.09694504470149568,0.46850751881192587,0.8540143488160407,0.8540143488160407,4.5,4.0063406295888395,245.80067264745475,0.0,
ID36027 → ID36028,2,36027,36028,0.19512195121951215,0.3195404895950342,0.9214363617213664,0.9214363617213664,36.5,0.6128356738112837,243.83037694013302,0.0,
ID35685 → ID36103,2,35685,36103,0.060118439861139406,1.5120684237694824,0.14525904944220222,0.14525904944220222,5.5,4.2174105201847425,245.4176579244566,0.0,
ID35735 → ID35756,2,35735,35756,0.04072164948453705,0.2118482095084194,0.40825956964351373,0.40825956964351373,12.5,3.6554823643179004,244.9949908448645,0.0,
ID35745 → ID35802,2,35745,35802,0.07524059492563195,1.0536277785987005,0.37552510697542246,0.37552510697542246,14.5,3.760671386780464,244.4314940056393,0.0,
ID35802 → ID35766,2,35802,35766,0.06602395559450747,1.1481885936644727,0.3763588383308253,0.3763588383308253,15.5,3.8268886894444405,244.12284445845125,0.0,
ID35881 → ID35880,2,35881,35880,0.03479189430813556,1.4111160501422313,0.07472997577997963,0.07472997577997963,24.5,2.7140861753349643,243.06287015244513,0.0,
ID36006 → ID35995,2,36006,35995,0.34251968503937,0.4788930239392041,1.172281990398565,1.172281990398565,34.5,1.0532949848334825,244.28724833796974,0.0,
ID36028 → ID36063,2,36028,36063,0.2803030303030303,0.006950816043599103,0.9251544140863937,0.9251544140863937,37.5,0.3633705475810739,242.94142743221693,0.0,
ID35944 → ID35956,2,35944,35956,0.06893203883495103,2.8927543617364515,0.3028126322005276,0.3028126322005276,30.5,1.898203592814371,244.15960176910616,0.0,
ID35974 → ID35977,2,35974,35977,0.11356466876971605,2.5095104089679663,0.5957551225766502,0.5957551225766502,32.5,1.7266526248174747,243.47055506384186,0.0,
ID35725 → ID35832,2,35725,35832,0.0484652432288013,0.2054728400132827,0.31025596452445475,0.31025596452445475,10.5,3.764813428028473,245.64411617869683,0.0,
ID35766 → ID35777,2,35766,35777,0.10413839891451893,2.6709023532141716,0.9835322288286278,0.9835322288286278,16.5,3.706913890526028,244.43573010486634,0.0,
ID35880 → ID35932,2,35880,35932,0.05736371033360421,2.160461290195652,0.27888622153648784,0.27888622153648784,25.5,2.793145919821188,243.15665382331173,0.0,
ID35777 → ID35799,2,35777,35799,0.0721311475409836,2.527412173899812,0.5414240866598132,0.5414240866598132,17.5,3.5224907871679063,244.68774599298465,0.0,
ID35712 → ID35725,2,35712,35725,0.06750653672450668,1.034706319847438,0.25965149971768375,0.25965149971768375,9.5,4.006306797528171,245.49568338785897,0.0,
ID35756 → ID35745,2,35756,35745,0.050801848656346626,0.44123447012432554,0.23824394645766628,0.23824394645766628,13.5,3.65928814057086,244.67904871774277,0.0,
ID36103 → ID35700,2,36103,35700,0.03202195791399809,1.5167642015236338,0.33329917018977673,0.33329917018977673,6.5,4.341625687949664,245.28008953071588,0.0,
ID35801 → ID35821,2,35801,35821,0.06722956826509408,1.219012100014814,0.15281681340625844,0.15281681340625844,19.5,2.854788734967906,243.94374531776546,0.0,
ID35700 → ID35665,2,35700,35665,0.04906771344455296,0.8168732538473246,0.43737569186103853,0.43737569186103853,7.5,4.294157560174273,244.9290401214728,0.0,
ID36093 → ID35666,2,36093,35666,0.10314706234294557,NaN,0.5937395886153612,0.5937395886153612,0.5,4.151990790525822,246.85664041078053,0.0,
ID35645 → ID35673,2,35645,35673,0.03806896551724026,1.289861242232191,0.21790779750872802,0.21790779750872802,2.5,3.932010799835985,246.83516031109878,0.0,
ID35673 → ID35711,2,35673,35711,0.049056451287024516,0.15121203271018396,0.5271260727782285,0.5271260727782285,3.5,3.899636722831766,246.46493681426335,0.0,
ID35932 → ID35909,2,35932,35909,0.1518039482641247,0.7796591911385341,1.2925980864853714,1.2925980864853714,26.5,2.640493091605055,243.8928772743957,0.0,
ID35995 → ID36027,2,35995,36027,0.07651331719128307,2.5686116245745105,0.48968093469134777,0.48968093469134777,35.5,0.7236746020154812,244.51893164889734,0.0,
ID35799 → ID35801,2,35799,35801,0.11352205776692004,0.21077464015364192,0.7085182976203448,0.7085182976203448,18.5,3.1587844595145746,244.18370045824963,0.0,
ID35858 → ID35861,2,35858,35861,0.05405405405405439,2.1703141585340613,0.23630530397653646,0.23630530397653646,22.5,2.5733593665256533,242.9335402638364,0.0,
ID35821 → ID35842,2,35821,35842,0.0587044534412956,1.8361140862249583,0.7045568112386373,0.7045568112386373,20.5,2.7485104407005934,243.62043881415698,0.0,
ID35761 → ID35772,3,35761,35772,0.05624611559975112,2.731520135240461,0.4082150640502257,0.4082150640502257,16.5,33.81361422043135,37.49107132203922,0.0,
ID36015 → ID36051,3,36015,36051,0.07453603277898235,2.844669572104983,0.8498431100583347,0.8498431100583347,37.5,37.070638077768066,42.81108201977973,0.0,
ID35913 → ID35935,3,35913,35935,0.06057589926392315,1.8723469406032296,0.5373114089471343,0.5373114089471343,29.5,36.289152562359966,39.38189124943366,0.0,
ID35690 → ID35651,3,35690,35651,0.07599029911075184,1.9344585515011579,0.7740033163077931,0.7740033163077931,7.5,31.367985336241794,34.0570452112929,0.0,
ID35789 → ID35761,3,35789,35761,0.048042823686851865,2.1080369086621906,0.3038978107574918,0.3038978107574918,15.5,33.8374273328622,37.57648833941205,0.0,
ID35772 → ID35784,3,35772,35784,0.05660499000709163,0.5673155032025565,0.5110526484154153,0.5110526484154153,17.5,34.12923352514859,37.18235257319033,0.0,
ID35869 → ID35926,3,35869,35926,0.05114220143843473,1.9201215824332847,0.5171435981508082,0.5171435981508082,25.5,34.88245265138087,39.25862819379651,0.0,
ID35784 → ID35782,3,35784,35782,0.06121623274588561,1.1203609152987124,0.515428979139724,0.515428979139724,18.5,34.563691493204445,37.19955124753186,0.0,
ID35836 → ID35847,3,35836,35847,0.059939510585647726,2.2936971544113223,0.4897756796291809,0.4897756796291809,21.5,34.836290694422395,38.12787578957446,0.0,
ID35696 → ID35680,3,35696,35680,0.07202881152460949,0.27632710895553086,0.6843133781049524,0.6843133781049524,4.5,30.794695344704312,33.344279336133546,0.0,
ID35749 → ID35740,3,35749,35740,0.08877402377707899,0.5489296877355184,1.028778555648608,1.028778555648608,13.5,33.066468581903415,36.68047181555009,0.0,
ID36058 → ID36074,3,36058,36074,0.04842535403114023,2.8668294229734235,0.2659836529984697,0.2659836529984697,40.5,36.75187301117211,43.31575361119613,0.0,
ID36016 → ID36015,3,36016,36015,0.04653528905899906,2.8178781940521263,0.38837635030494044,0.38837635030494044,36.5,37.06704379046791,42.56522340917333,0.0,
ID35652 → ID35640,3,35652,35640,0.08791035353535392,1.4271370946688808,0.774098854467747,0.774098854467747,1.5,30.00248079381766,31.699730206712744,0.0,
ID35640 → ID35657,3,35640,35657,0.0972972972972973,2.267394889276934,1.0431197537889032,1.0431197537889032,2.5,29.909892805307656,32.092433072698,0.0,
ID36039 → ID36058,3,36039,36058,0.04790162849971713,2.5000166707219567,0.11816863324595671,0.11816863324595671,39.5,36.82966598665389,43.31549209914449,0.0,
ID35680 → ID36098,3,35680,36098,0.08775133615703057,0.10828002042444795,0.9085433263322013,0.9085433263322013,5.5,31.178355885387482,34.04090126825018,0.0,
ID35698 → ID35720,3,35698,35720,0.14045778073634096,0.00583170137722143,1.490149548809161,1.490149548809161,9.5,32.00758708046523,35.119839290662235,0.0,
ID35900 → ID35891,3,35900,35891,0.07734806629834212,0.7499557170294499,0.7066506644570586,0.7066506644570586,27.5,35.39964092305752,39.68104776579353,0.0,
ID35935 → ID35950,3,35935,35950,0.07009471363206354,1.9443123166743768,0.6405592356249654,0.6405592356249654,30.5,36.61262415213179,39.29629360465117,0.0,
ID35965 → ID35996,3,35965,35996,0.0931009289218252,0.34360536471497843,0.9332851357337151,0.9332851357337151,33.5,36.596987702514085,41.482018518202985,0.0,
ID35871 → ID35869,3,35871,35869,0.046161565479176936,3.119950820368659,0.3052845895665283,0.3052845895665283,24.5,35.01768381864114,39.04684067151658,0.0,
ID35657 → ID35696,3,35657,35696,0.07147959048702446,0.12265027409575802,0.6780736613059389,0.6780736613059389,3.5,30.425409516710992,32.77961027447924,0.0,
ID35730 → ID35749,3,35730,35749,0.10958293891642068,2.5670126420069503,0.98117206966703,0.98117206966703,12.5,32.64974718048269,35.80744877131938,0.0,
ID36051 → ID36039,3,36051,36039,0.055242487819256,1.65596720070669,0.40294164929879506,0.40294164929879506,38.5,36.976042769138914,43.255643979483835,0.0,
ID35950 → ID35962,3,35950,35962,0.06662944351386557,2.9381793521990494,0.7667861446276597,0.7667861446276597,31.5,36.65686287885978,39.38049307137434,0.0,
ID35782 → ID35815,3,35782,35815,0.04905299406925523,0.6670553159102368,0.3519714573216056,0.3519714573216056,19.5,34.8299449154507,37.51221947421453,0.0,
ID35847 → ID35849,3,35847,35849,0.07553154315512212,1.9828997438458245,0.9369446440483259,0.9369446440483259,22.5,34.9771787630083,38.53736943778555,0.0,
ID35891 → ID35913,3,35891,35913,0.07228517988777727,1.625050810730024,0.812696214212234,0.812696214212234,28.5,35.90126944724307,39.53019991750976,0.0,
ID35827 → ID35730,3,35827,35730,0.08816829693152906,2.7448624221918045,0.7992860009339634,0.7992860009339634,11.5,32.70907075290069,35.547222911922766,0.0,
ID35849 → ID35871,3,35849,35871,0.04271697294953136,1.4523277737012628,0.30148426485583824,0.30148426485583824,23.5,35.020522513723776,39.04432492105723,0.0,
ID35996 → ID35987,3,35996,35987,0.08308590778592995,0.0882484549643205,0.6713930015542819,0.6713930015542819,34.5,36.843726619777854,42.244677498269255,0.0,
ID36098 → ID35690,3,36098,35690,0.047098744485918,1.4083433084218235,0.2336542543523889,0.2336542543523889,6.5,31.52393549986308,34.384053535085826,0.0,
ID35651 → ID35698,3,35651,35698,0.08945279615153356,2.9845348761045676,0.8758903397474493,0.8758903397474493,8.5,31.349006100898446,34.137089991589576,0.0,
ID35720 → ID35827,3,35720,35827,0.08007314007085409,1.1095475488765134,0.6786984064518399,0.6786984064518399,10.5,32.757647096405464,35.69669810436315,0.0,
ID35740 → ID35789,3,35740,35789,0.09519453940523415,1.0402191027219272,0.8506663336521665,0.8506663336521665,14.5,33.55642435966159,37.33382770770609,0.0,
ID35926 → ID35900,3,35926,35900,0.04578924882511137,1.6876022718410721,0.21688312240133864,0.21688312240133864,26.5,34.999706082912795,39.50015459919712,0.0,
ID36085 → ID35652,3,36085,35652,0.07791607259835842,NaN,0.9984278010247999,0.9984278010247999,0.5,30.50860308959235,31.25454817112802,0.0,
ID35815 → ID35836,3,35815,35836,0.06266506490410506,0.8307837366192649,0.5731812873061097,0.5731812873061097,20.5,34.739648842308625,37.92811527432086,0.0,
ID35962 → ID35965,3,35962,35965,0.09744557815001553,0.19670879349476939,1.2854028878145123,1.2854028878145123,32.5,36.513263733540654,40.39180181607641,0.0,
ID35987 → ID36016,3,35987,36016,0.044554224728526104,0.5042012792503583,0.267722062640264,0.267722062640264,35.5,37.06548885530924,42.64482997158005,0.0,
ID35945 → ID35957,4,35945,35957,0.1052705500805351,3.079167596800772,1.1848597762202464,1.1848597762202464,30.5,107.91974575050418,259.6017981901058,0.0,
ID35757 → ID35746,4,35757,35746,0.06412583182093168,1.0670166043297953,0.4220000679539885,0.4220000679539885,13.5,108.29261398362058,251.55207187385406,0.0,
ID35767 → ID35778,4,35767,35778,0.06977179699831526,2.998359923329908,0.7872116819723524,0.7872116819723524,16.5,109.2606553590422,251.8726655490902,0.0,
ID35804 → ID35822,4,35804,35822,0.15355177168223033,0.37351573583934694,1.7631673143098483,1.7631673143098483,19.5,107.67002479594845,255.62330345489212,0.0,
ID35957 → ID35976,4,35957,35976,0.0546963635277965,1.4870447745859994,0.16157124107522053,0.16157124107522053,31.5,107.3155675471852,259.57999253495575,0.0,
ID35686 → ID36104,4,35686,36104,0.0771963275913935,0.680840079029825,0.6453179771742248,0.6453179771742248,5.5,108.17302223361781,247.92452083562262,0.0,
ID35713 → ID35686,4,35713,35686,0.08512245431567211,0.3666770776466516,0.8121120550552013,0.8121120550552013,4.5,108.2175481454691,247.23850280350757,0.0,
ID35746 → ID35805,4,35746,35805,0.053364002300174906,1.0391512961742313,0.29649281542991285,0.29649281542991285,14.5,108.38518354322994,251.85147762288665,0.0,
ID35978 → ID36007,4,35978,36007,0.07453285674642895,1.4934377916676447,0.5895600708815335,0.5895600708815335,33.5,107.04122863441141,260.111211196875,0.0,
ID36007 → ID35997,4,36007,35997,0.06924599212041094,1.5773374007135905,0.6568762732137665,0.6568762732137665,34.5,106.94930380758322,260.54138574253864,0.0,
ID35997 → ID36029,4,35997,36029,0.1110310021629416,0.6575915663935349,1.3005979613229128,1.3005979613229128,35.5,106.033154923974,260.71319724180375,0.0,
ID35833 → ID35736,4,35833,35736,0.08850952068286455,1.0354358326145325,0.923350772668958,0.923350772668958,11.5,107.72757516855154,250.44458573473975,0.0,
ID35910 → ID35898,4,35910,35898,0.10973534724222167,2.790314169387771,1.0436038615051948,1.0436038615051948,27.5,107.65592988439877,259.7253539035836,0.0,
ID36072 → ID36084,4,36072,36084,0.054788506198652165,0.7138194676847529,0.4257887832842438,0.4257887832842438,40.5,102.83847949401704,262.21188519433537,0.0,
ID35863 → ID35883,4,35863,35883,0.09331714487554732,1.9329080165441568,1.0377658515461694,1.0377658515461694,23.5,108.24248011509269,259.58321770447014,0.0,
ID35675 → ID35713,4,35675,35713,0.0792568929675107,0.11154492931172327,0.4652689853944768,0.4652689853944768,3.5,107.99127026161943,246.65184713915193,0.0,
ID35934 → ID35910,4,35934,35910,0.04805252947320682,1.0491069088807121,0.24763001168669618,0.24763001168669618,26.5,107.32767783089884,259.48341422062884,0.0,
ID35726 → ID35833,4,35726,35833,0.06214217878278139,1.0016119184434178,0.5805460218679136,0.5805460218679136,10.5,107.99851147070399,249.8439787485242,0.0,
ID36030 → ID36065,4,36030,36065,0.13455966035208666,1.0371906851371133,1.9167662854033647,1.9167662854033647,37.5,104.72984723400694,261.64808247040355,0.0,
ID36065 → ID36045,4,36065,36045,0.05453049712069735,0.21514140761458653,0.5789796903148104,0.5789796903148104,38.5,103.76172512149188,262.42727075591205,0.0,
ID36104 → ID35703,4,36104,35703,0.05347201994084805,2.566327854037415,0.3729249455808534,0.3729249455808534,6.5,108.19289806193025,248.11822518757486,0.0,
ID35922 → ID35945,4,35922,35945,0.04294858432945792,1.2129086703514758,0.293353014691204,0.293353014691204,29.5,108.3627768860353,259.54928151035693,0.0,
ID35976 → ID35978,4,35976,35978,0.04941582072399375,2.099377268676365,0.572231626264491,0.572231626264491,32.5,107.08399205745752,259.68698857333766,0.0,
ID35843 → ID35860,4,35843,35860,0.12586276898091753,0.0888732601215409,1.213083932462128,1.213083932462128,21.5,107.71909030561946,258.424926901079,0.0,
ID35714 → ID35726,4,35714,35726,0.07045421065554336,0.6902344918769406,0.583579332650157,0.583579332650157,9.5,108.27333243131892,249.41366612789588,0.0,
ID35778 → ID35803,4,35778,35803,0.11530403882362372,0.7816752928665754,1.2481571312155644,1.2481571312155644,17.5,108.59652231841321,252.5449798959122,0.0,
ID35703 → ID35668,4,35703,35668,0.06477787544797575,3.0857298810615026,0.6888983596288167,0.6888983596288167,7.5,108.06869939395814,248.21689062133004,0.0,
ID35646 → ID35675,4,35646,35675,0.061052835047833987,3.0818787727999823,0.43225935118040115,0.43225935118040115,2.5,107.75781686208822,246.26940256839754,0.0,
ID36094 → ID35669,4,36094,35669,0.12251148545176105,NaN,1.2185534318634814,1.2185534318634814,0.5,107.56596129727644,246.67691487108516,0.0,
ID35822 → ID35843,4,35822,35843,0.15380649210904374,0.6986745977632598,1.4754822556903098,1.4754822556903098,20.5,107.39751474789858,257.12102729083705,0.0,
ID35736 → ID35757,4,35736,35757,0.09203825447427139,0.9820372743218532,0.747355439206386,0.747355439206386,12.5,108.01462495938921,251.1242842348928,0.0,
ID35803 → ID35804,4,35803,35804,0.16339607529034839,0.3580268964279137,1.7636807795877372,1.7636807795877372,18.5,108.1989244080021,253.97323549598167,0.0,
ID35805 → ID35767,4,35805,35767,0.09943303742856746,0.8161848520926784,1.1482245099658215,1.1482245099658215,15.5,109.06941110621997,251.84744105478913,0.0,
ID35883 → ID35882,4,35883,35882,0.07740605549938173,3.109677882998814,0.6864692318197506,0.6864692318197506,24.5,108.41848825419738,259.5758115516145,0.0,
ID35882 → ID35934,4,35882,35934,0.08390979939839605,0.178186575452437,0.6942255690895861,0.6942255690895861,25.5,107.73162478979935,259.6078322919509,0.0,
ID35898 → ID35922,4,35898,35922,0.06332677170945511,1.9877955395895874,0.5511877918631535,0.5511877918631535,28.5,108.12875639512004,259.8157783774667,0.0,
ID36029 → ID36030,4,36029,36030,0.046670599963372084,1.796311539236919,0.3242711606250801,0.3242711606250801,36.5,105.41441317817426,260.85169745553196,0.0,
ID35668 → ID35714,4,35668,35714,0.10195067027224569,1.5864073726829557,0.8726424626452286,0.8726424626452286,8.5,108.03947964082823,248.76777669622663,0.0,
ID35860 → ID35863,4,35860,35863,0.08318630489724266,0.5484232978029441,0.6527586979637766,0.6527586979637766,22.5,107.80964138153468,259.32163156008306,0.0,
ID35669 → ID35646,4,35669,35646,0.10681611520403755,2.5662525659619138,1.017192411547223,1.017192411547223,1.5,107.8683124348689,246.5409154409022,0.0,
ID36045 → ID36072,4,36045,36072,0.067666308827102,0.8172148423537238,0.5863151710254905,0.5863151710254905,39.5,103.22976507813172,262.4811632879914,0.0,
ID36000 → ID35989,5,36000,35989,0.02688953488372059,1.760015583107772,0.1503161518427719,0.1503161518427719,34.5,6.781649468266798,61.674816413700164,0.0,
ID35681 → ID36099,5,35681,36099,0.10007558578987152,0.10832604036704419,1.102874780917224,1.102874780917224,5.5,4.2040432827686445,51.63955573145781,0.0,
ID35773 → ID35787,5,35773,35787,0.07017543859649122,0.11181379623848285,0.7874844487018694,0.7874844487018694,17.5,4.5115617939706105,55.954669330193546,0.0,
ID35905 → ID35893,5,35905,35893,0.05552076810686746,2.550426255480727,0.11234029892000734,0.11234029892000734,27.5,6.577881600401355,59.130387976085956,0.0,
ID35654 → ID35701,5,35654,35701,0.08489909533750872,0.3860308905915891,0.7351802010140228,0.7351802010140228,8.5,4.836318620582704,53.05035046244453,0.0,
ID35699 → ID35681,5,35699,35681,0.11861198738170342,0.2894902404837846,1.4971395159231289,1.4971395159231289,4.5,3.972059095338912,50.36230760829385,0.0,
ID35787 → ID35786,5,35787,35786,0.05985319028797287,1.2816698375579494,0.3694474034976514,0.3694474034976514,18.5,4.786436875105914,56.34846410212958,0.0,
ID35751 → ID35741,5,35751,35741,0.11565420560747663,2.3494960753567007,0.8904862777988095,0.8904862777988095,13.5,4.503701494776143,53.284545058526305,0.0,
ID36041 → ID36062,5,36041,36062,0.07507288629737607,0.26874261673295036,1.3787870787337204,1.3787870787337204,39.5,6.939856360730698,63.45229939439818,0.0,
ID35721 → ID35828,5,35721,35828,0.056192929056427254,1.9581443984143125,0.209450876639163,0.209450876639163,10.5,5.007127746100779,52.86437707287676,0.0,
ID35850 → ID35853,5,35850,35853,0.1471415182755389,0.48736555479303834,0.9885835963203189,0.9885835963203189,22.5,5.4794360885001705,56.25931472580196,0.0,
ID35893 → ID35917,5,35893,35917,0.04058286803758704,2.805658306380886,0.19520060507670456,0.19520060507670456,28.5,6.623446166546088,59.146300573209416,0.0,
ID35762 → ID35773,5,35762,35773,0.0964153275648949,0.47354185378583735,1.0616693338351526,1.0616693338351526,16.5,4.242272453458343,55.07165445823352,0.0,
ID35966 → ID35969,5,35966,35969,0.06419533060060634,0.4362336706376741,0.8289098572312567,0.8289098572312567,32.5,6.90842450418274,60.83589811438117,0.0,
ID36099 → ID35691,5,36099,35691,0.07042253521126762,0.6248838003828693,0.448100709631852,0.448100709631852,6.5,4.507026031550524,52.31991488622546,0.0,
ID35917 → ID35939,5,35917,35939,0.03779295284979578,0.04381180831129722,0.23521677241434874,0.23521677241434874,29.5,6.7803326904489065,59.29353972882292,0.0,
ID35969 → ID36000,5,35969,36000,0.03856028810669809,0.4164521077840603,0.44846090966507185,0.44846090966507185,33.5,6.825729722790222,61.45653853495465,0.0,
ID35939 → ID35952,5,35939,35952,0.018465337233956935,0.7365165431490184,0.12098915747833316,0.12098915747833316,30.5,6.868144523037432,59.43609388449693,0.0,
ID35691 → ID35654,5,35691,35654,0.03570236903570223,0.8327815374622193,0.2499695282504769,0.2499695282504769,7.5,4.682099079635474,52.58982414665505,0.0,
ID35952 → ID35966,5,35952,35966,0.06327615166450962,0.0976698988012592,0.9527875763281722,0.9527875763281722,31.5,6.946958301096272,59.9669072291347,0.0,
ID35928 → ID35905,5,35928,35905,0.07352143244709719,0.01565850759714858,0.1545997202288126,0.1545997202288126,26.5,6.611706270334475,59.10252960146575,0.0,
ID36086 → ID35655,5,36086,35655,0.08878042752996418,NaN,0.8287099384597844,0.8287099384597844,0.5,3.586059638006914,46.956683686713156,0.0,
ID35838 → ID35850,5,35838,35850,0.0976394849785408,2.3176562383562938,0.5692421472582394,0.5692421472582394,21.5,4.749782614793414,56.055474452244525,0.0,
ID36062 → ID36078,5,36062,36078,0.053237263825991143,0.08829256564032292,0.7688561311261661,0.7688561311261661,40.5,6.89659887159887,64.52428678678679,0.0,
ID35989 → ID36020,5,35989,36020,0.0432754599637214,1.1239652876301995,0.22984399566454863,0.22984399566454863,35.5,6.651749611688492,61.7720088438209,0.0,
ID35641 → ID35659,5,35641,35659,0.06695304399348256,0.6454310734158488,0.6035810762457748,0.6035810762457748,2.5,3.3700150886989877,48.29345521805755,0.0,
ID35731 → ID35751,5,35731,35751,0.07866619202711811,1.3910482999555644,0.7543245644943746,0.7543245644943746,12.5,4.826729600483608,53.268594082278135,0.0,
ID35790 → ID35762,5,35790,35762,0.055116629044394294,0.03622432872256336,0.5374018978849155,0.5374018978849155,15.5,4.0982512212295905,54.30541466795758,0.0,
ID35786 → ID35817,5,35786,35817,0.047624220566189424,2.565504383743962,0.15619489446836315,0.15619489446836315,19.5,4.903034734525152,56.39776883019273,0.0,
ID35655 → ID35641,5,35655,35641,0.093161056703152,0.7706096812326759,0.7314956294435037,0.7314956294435037,1.5,3.5108021305640875,47.67589647018673,0.0,
ID35659 → ID35699,5,35659,35699,0.13152028533214433,0.29261650125156,1.127195717240146,1.127195717240146,3.5,3.640785068195382,49.10654844034889,0.0,
ID35828 → ID35731,5,35828,35731,0.06268647439085073,2.872631969568276,0.22536958422970949,0.22536958422970949,11.5,4.99620071142057,52.89252840216285,0.0,
ID36055 → ID36041,5,36055,36041,0.041303806917143304,0.4577642690635734,0.457644872698106,0.457644872698106,38.5,6.8870456364502886,62.5418011851375,0.0,
ID35872 → ID35928,5,35872,35928,0.07828333002185572,0.38802531140956376,0.8179781233733749,0.8179781233733749,25.5,6.6598750901011865,58.61864022481957,0.0,
ID35701 → ID35721,5,35701,35721,0.06152140046999166,2.8682818741787126,0.5524778441478045,0.5524778441478045,9.5,4.945842868039664,53.11270022883295,0.0,
ID36020 → ID36019,5,36020,36019,0.05273126132632022,2.036664629972477,0.31914485479049204,0.31914485479049204,36.5,6.756404521995576,61.87804005898255,0.0,
ID35873 → ID35872,5,35873,35872,0.07514921323928392,0.2693797468302739,0.9652439589228675,0.9652439589228675,24.5,6.565097443232612,57.74879015435961,0.0,
ID35817 → ID35838,5,35817,35838,0.07054959765183111,1.3046115374313145,0.5232745756821747,0.5232745756821747,20.5,4.650290145780563,56.251401258370606,0.0,
ID35741 → ID35790,5,35741,35790,0.08337177121771222,2.4070530670752195,1.1162351037672,1.1162351037672,14.5,4.185284974274859,53.483309325538684,0.0,
ID35853 → ID35873,5,35853,35873,0.12967371516594328,0.5658209427379932,0.9556109485256665,0.9556109485256665,23.5,6.176734619511306,56.87990431267755,0.0,
ID36019 → ID36055,5,36019,36055,0.033430918878081695,1.7369774722952027,0.4462911474960667,0.4462911474960667,37.5,6.8720571855875,62.101873585611116,0.0,
ID35715 → ID35687,6,35715,35687,0.14205844980940197,1.1987949560020021,1.3706528966805755,1.3706528966805755,4.5,69.31424086085238,292.96716911492325,0.0,
ID35677 → ID35715,6,35677,35715,0.10888666444222683,1.379100169323539,0.9503194727580451,0.9503194727580451,3.5,69.19122118946086,292.00954569799524,0.0,
ID35899 → ID35923,6,35899,35923,0.12316715542521994,1.4226719410320001,1.1899425838579734,1.1899425838579734,28.5,64.32662753868038,295.31662947554827,0.0,
ID35647 → ID35677,6,35647,35677,0.04364448963166234,3.0169141142076072,0.30016808872624506,0.30016808872624506,2.5,68.71546108805613,291.7878964819719,0.0,
ID35806 → ID35807,6,35806,35807,0.08020530176942398,1.3717141856692625,1.088208724821414,1.088208724821414,18.5,67.17063233258094,292.4074921466881,0.0,
ID35716 → ID35727,6,35716,35727,0.038597873178416675,0.5134403800410158,0.34021033192759986,0.34021033192759986,9.5,68.49631182795699,293.38599999999997,0.0,
ID35946 → ID35959,6,35946,35959,0.06864543174757431,2.741785320085876,0.862985093382501,0.862985093382501,30.5,63.84473595494477,294.539224717879,0.0,
ID35671 → ID35716,6,35671,35716,0.09994256174612293,3.14021264791932,1.3045481728804855,1.3045481728804855,8.5,67.84981652846733,293.8653102336825,0.0,
ID35808 → ID35768,6,35808,35768,0.06529814271749756,0.15995294226837645,0.8143807484745288,0.8143807484745288,15.5,67.795814717613,292.793424497253,0.0,
ID35768 → ID35779,6,35768,35779,0.06343527379474134,0.08531464746406464,0.7067659954241411,0.7067659954241411,16.5,67.04836649039412,292.9303415905391,0.0,
ID35807 → ID35823,6,35807,35823,0.055623172450008695,1.9186816575963435,0.22769644350067889,0.22769644350067889,19.5,67.6177944524687,292.1489938150821,0.0,
ID35672 → ID35647,6,35672,35647,0.054784179450532156,2.5909926762196784,0.5760234437651799,0.5760234437651799,1.5,68.8446940351848,291.7331794286505,0.0,
ID36008 → ID35999,6,36008,35999,0.16313407954274506,1.1313578495915677,2.299234724267131,2.299234724267131,34.5,62.9102690250992,295.9504669664127,0.0,
ID35884 → ID35936,6,35884,35936,0.14087591240875907,0.9644850153360253,1.315906692923961,1.315906692923961,25.5,66.85789931540526,295.0135324833045,0.0,
ID35823 → ID35844,6,35823,35844,0.07134487696914649,1.9389229755948303,0.5649826002661544,0.5649826002661544,20.5,67.40261058804845,292.30167360364584,0.0,
ID36067 → ID36046,6,36067,36046,0.06999324990913558,0.8251320529040411,0.6276697822773287,0.6276697822773287,38.5,61.490249410201585,298.22592967968535,0.0,
ID35983 → ID36008,6,35983,36008,0.07598034150232535,0.15022777243184454,0.452611233074946,0.452611233074946,33.5,64.1077597697471,295.5501985402828,0.0,
ID35844 → ID35862,6,35844,35862,0.0811586638830879,0.5379903349448085,0.6082777402908451,0.6082777402908451,21.5,67.25710849823611,292.84819988626936,0.0,
ID35862 → ID35865,6,35862,35865,0.0888460888166831,1.077104089181679,1.0674228779814936,1.0674228779814936,22.5,66.78636373423532,293.4046084947836,0.0,
ID35912 → ID35899,6,35912,35899,0.07835840731486599,0.40107915701890345,0.940120516457386,0.940120516457386,27.5,65.04297723232216,295.6965512440772,0.0,
ID35959 → ID35980,6,35959,35980,0.04153172032768149,1.7668421736426936,0.2792550086032489,0.2792550086032489,31.5,64.25839242811573,294.6445726168839,0.0,
ID35727 → ID35834,6,35727,35834,0.06051825020896828,0.5754448350272432,0.6169068967730041,0.6169068967730041,10.5,68.85606580366775,293.0984325782092,0.0,
ID35834 → ID35737,6,35834,35737,0.0655364290130469,0.4634916718288282,0.5032514811050061,0.5032514811050061,11.5,69.38241498443594,292.9560667442044,0.0,
ID36032 → ID36067,6,36032,36067,0.05653494699086237,0.7460431600228858,0.367005385005386,0.367005385005386,37.5,61.209061785451084,297.86365423058356,0.0,
ID35923 → ID35946,6,35923,35946,0.06480229466683152,0.7756671956221217,0.6761583189500721,0.6761583189500721,29.5,63.73517253774263,294.67969201964524,0.0,
ID36105 → ID35706,6,36105,35706,0.10116138623059279,2.408082761373397,1.2489828386715074,1.2489828386715074,6.5,68.70969375688406,293.81851716704847,0.0,
ID35980 → ID35983,6,35980,35983,0.07480241458709924,0.010750499008320796,0.5541208455157248,0.5541208455157248,32.5,64.20604825595476,295.0579543354699,0.0,
ID35936 → ID35912,6,35936,35912,0.07858968186363624,1.314485377162598,1.1577411915357216,1.1577411915357216,26.5,66.06568584554802,295.59102973535107,0.0,
ID35865 → ID35885,6,35865,35885,0.06879462828887772,1.989131380825411,0.6427410139264488,0.6427410139264488,23.5,66.56988873904899,293.8539521828501,0.0,
ID35999 → ID36031,6,35999,36031,0.10265878877400292,0.16770743311910488,1.5260361160110179,1.5260361160110179,35.5,61.012278845225296,296.1270850783484,0.0,
ID36075 → ID36087,6,36075,36087,0.10753958632841254,0.3710302461958097,0.9842678118455702,0.9842678118455702,40.5,61.12544426754153,299.07598114107736,0.0,
ID35779 → ID35806,6,35779,35806,0.07058925929148951,1.6813049705101897,0.4364879568909821,0.4364879568909821,17.5,66.67870401753508,292.79305126754423,0.0,
ID36031 → ID36032,6,36031,36032,0.176453212364172,2.0196140721080873,1.850864791804739,1.850864791804739,36.5,60.64410384219869,296.95792534183386,0.0,
ID35687 → ID36105,6,35687,36105,0.05363522074401739,1.032766155213945,0.3902773168811549,0.3902773168811549,5.5,69.203541272375,293.76250519174084,0.0,
ID35758 → ID35748,6,35758,35748,0.05326380396410024,0.1982449122412725,0.30778749183772186,0.30778749183772186,13.5,70.23075447678501,292.21477529372953,0.0,
ID36046 → ID36075,6,36046,36075,0.05771879958846704,0.8229257634193129,0.2515025802432807,0.2515025802432807,39.5,61.54532955365864,298.6320709644541,0.0,
ID35737 → ID35758,6,35737,35758,0.07134578235672528,0.8512377009876039,0.7986026826242016,0.7986026826242016,12.5,69.89463868940032,292.6514030902979,0.0,
ID35885 → ID35884,6,35885,35884,0.062075355157502954,0.27912223983625295,0.4221002444180185,0.4221002444180185,24.5,66.94834124757382,294.22136942286255,0.0,
ID35706 → ID35671,6,35706,35671,0.08471338760824798,0.6856292795512389,0.9334446309788098,0.9334446309788098,7.5,67.69042205135872,293.96030202350187,0.0,
ID36095 → ID35672,6,36095,35672,0.09398264570230197,NaN,0.9581081903115153,0.9581081903115153,0.5,68.61363566065856,291.57861190000847,0.0,
ID35748 → ID35808,6,35748,35808,0.14403999375097298,2.385124128028726,2.206867686065901,2.206867686065901,14.5,69.25259841086547,292.4083325931074,0.0,
ID35839 → ID35852,7,35839,35852,0.0329471148330861,1.7611250745515095,0.22491189185577184,0.22491189185577184,21.5,29.715842156261388,95.12835278674146,0.0,
ID35791 → ID35792,7,35791,35792,0.053038038157322887,1.5291906431427567,0.44173516514874245,0.44173516514874245,18.5,29.801211985186846,95.3326356937119,0.0,
ID35742 → ID35793,7,35742,35793,0.0590708429682576,0.7249328298999944,0.6872167194068278,0.6872167194068278,14.5,29.25509319935925,94.06359093452286,0.0,
ID35874 → ID35929,7,35874,35929,0.06372364959377796,0.961879318610537,0.5232898796936684,0.5232898796936684,25.5,31.05841777535988,97.6238513156886,0.0,
ID35682 → ID36100,7,35682,36100,0.10663637838714934,1.2020213312901777,0.9392634721228662,0.9392634721228662,5.5,27.130198328087452,89.9663471756862,0.0,
ID35656 → ID35704,7,35656,35704,0.10793922551879243,0.19647910113699776,1.019369050416323,1.019369050416323,8.5,29.24658427405061,92.09835430800058,0.0,
ID35971 → ID36002,7,35971,36002,0.09737170308097465,1.8950262708107832,1.0834025215049943,1.0834025215049943,33.5,31.890008353102107,100.02961160550724,0.0,
ID35941 → ID35953,7,35941,35953,0.17061705377154524,0.0119626638311137,1.6422537055800386,1.6422537055800386,30.5,30.419334999390465,97.41121642488521,0.0,
ID35753 → ID35742,7,35753,35742,0.059219713977619826,1.9119298701613052,0.13067799234736824,0.13067799234736824,13.5,29.470208426049545,93.73242256732173,0.0,
ID35702 → ID35682,7,35702,35682,0.05836348537030567,2.441209838989413,0.4316587556035346,0.4316587556035346,4.5,26.72985846744684,89.54215427585419,0.0,
ID35722 → ID35829,7,35722,35829,0.06920772603300207,0.3911999114179806,0.7034753303124828,0.7034753303124828,10.5,29.04098721103299,93.14568591609996,0.0,
ID36002 → ID35990,7,36002,35990,0.13293041542785622,0.3920527887468478,1.3383007682889585,1.3383007682889585,34.5,33.07444521055186,99.93869426112589,0.0,
ID36042 → ID36064,7,36042,36064,0.12301013024602026,0.22451232196878954,1.1425406788593584,1.1425406788593584,39.5,37.64924353418545,102.43880190371085,0.0,
ID35763 → ID35774,7,35763,35774,0.055203475136285984,1.658589545236319,0.49589982273428673,0.49589982273428673,16.5,28.773985123550176,94.74434234437844,0.0,
ID35692 → ID35656,7,35692,35656,0.14014881364231502,0.04717656063452274,1.3696698423264029,1.3696698423264029,7.5,28.489276949750476,91.18187687409977,0.0,
ID36057 → ID36042,7,36057,36042,0.13474839017409945,0.2675896329487835,1.335272225787871,1.335272225787871,38.5,36.464296940023615,102.10466632762416,0.0,
ID35894 → ID35918,7,35894,35918,0.1746082527657452,0.7341363431860274,1.9336199487453223,1.9336199487453223,28.5,30.67519526196578,96.5497937887651,0.0,
ID35663 → ID35702,7,35663,35702,0.056275610295396516,1.4209973499584898,0.4707059892473688,0.4707059892473688,3.5,26.884225521067627,89.52053855618618,0.0,
ID35953 → ID35968,7,35953,35968,0.12537005268032042,0.4602708915665645,1.2745359309292923,1.2745359309292923,31.5,31.19994456509315,98.59808263801577,0.0,
ID35732 → ID35753,7,35732,35753,0.10699999999999954,2.2355975108471293,1.0303846144009186,1.0303846144009186,12.5,29.19084974709409,93.32117165778985,0.0,
ID35875 → ID35874,7,35875,35874,0.062461336702813286,0.4239048182360565,0.5165885446710458,0.5165885446710458,24.5,30.67086778043103,97.37427299287239,0.0,
ID35658 → ID35642,7,35658,35642,0.08157347286137528,0.5507912916637068,0.744058967539997,0.744058967539997,1.5,27.331351279627143,89.20589308520343,0.0,
ID35918 → ID35941,7,35918,35941,0.06676824455319563,2.179143163080912,0.17145816764738453,0.17145816764738453,29.5,29.780760067195878,96.76732227827162,0.0,
ID36064 → ID36080,7,36064,36080,0.10288022106493744,0.23181909559773892,0.9547493057308768,0.9547493057308768,40.5,38.64729748904625,102.7370546120546,0.0,
ID35829 → ID35732,7,35829,35732,0.04398628998753673,2.444279703714959,0.44255469337705156,0.44255469337705156,11.5,28.810074088644114,93.15163585103593,0.0,
ID35818 → ID35839,7,35818,35839,0.07010547305451942,2.333393453651476,0.7097231482889358,0.7097231482889358,20.5,29.474201981208083,95.3834684859621,0.0,
ID35704 → ID35722,7,35704,35722,0.05475153215683348,1.0691447033214294,0.45020626724181445,0.45020626724181445,9.5,29.418819673547816,92.72375629698914,0.0,
ID35906 → ID35894,7,35906,35894,0.08720083501320874,1.8851959560425755,0.8159986714682546,0.8159986714682546,27.5,31.972375042919857,96.61466429578803,0.0,
ID35642 → ID35663,7,35642,35663,0.06905118773547325,2.1188695283525414,0.6988387237991717,0.6988387237991717,2.5,27.332012655288516,89.55949453366304,0.0,
ID35792 → ID35818,7,35792,35818,0.057676939647684056,1.13975048344872,0.47903505791728634,0.47903505791728634,19.5,29.550555844077643,95.62848954922814,0.0,
ID35774 → ID35791,7,35774,35791,0.09654178674351588,1.0025290729060483,0.9604051084654781,0.9604051084654781,17.5,29.349906015037593,95.04190755088942,0.0,
ID36088 → ID35658,7,36088,35658,0.18819503849443986,NaN,2.132015744401355,2.132015744401355,0.5,26.54899149769092,88.0489303299997,0.0,
ID36100 → ID35692,7,36100,35692,0.08094229356463678,0.3816776678895291,0.6916262852162959,0.6916262852162959,6.5,27.780502123501336,90.43398203480288,0.0,
ID35793 → ID35763,7,35793,35763,0.04994306596403908,0.7728479312599642,0.45236740605246534,0.45236740605246534,15.5,28.886816418147525,94.44422121673368,0.0,
ID35968 → ID35971,7,35968,35971,0.08724005676820046,0.3528060505152368,0.9842340783535728,0.9842340783535728,32.5,31.386580582137334,99.6944607497,0.0,
ID36021 → ID36022,7,36021,36022,0.12227074235807855,0.5046295990897527,1.1569446188143602,1.1569446188143602,36.5,34.47295233036016,100.93731292429118,0.0,
ID36022 → ID36057,7,36022,36057,0.1263616557734205,0.7326741212402503,1.2247691109462633,1.2247691109462633,37.5,35.25210929958695,101.73056350613756,0.0,
ID35855 → ID35875,7,35855,35875,0.06474924121982972,0.7428934637912759,0.507815652323957,0.507815652323957,23.5,30.33900932879388,96.99929108157191,0.0,
ID35852 → ID35855,7,35852,35855,0.13901298787494132,0.7464936821845157,1.6867618947961702,1.6867618947961702,22.5,29.97050248087867,96.02184582889464,0.0,
ID35929 → ID35906,7,35929,35906,0.09966229184986097,0.7788939516988129,1.2860969129780035,1.2860969129780035,26.5,31.817154304687797,97.24204925472013,0.0,
ID35990 → ID36021,7,35990,36021,0.08011574632264307,0.5684750738161252,0.6462821466513856,0.6462821466513856,35.5,33.99423801940849,100.2044149357101,0.0,
ID36096 → ID35676,8,36096,35676,0.1736227045075125,NaN,3.231628057825018,3.231628057825018,0.5,398.0244368209127,311.193290136958,0.0,
ID35676 → ID35648,8,35676,35648,0.06867666123724858,2.7200987518216433,0.16970981904155616,0.16970981904155616,1.5,399.5607536145675,311.28027613548124,0.0,
ID35678 → ID35718,8,35678,35718,0.08172830465031533,1.1864712956190266,1.0464604485891116,1.0464604485891116,3.5,399.84524726786697,310.4581374083631,0.0,
ID35709 → ID35674,8,35709,35674,0.1271187125814447,0.3536156523752141,1.2187498348215442,1.2187498348215442,7.5,398.7479102366255,309.8056432379349,0.0,
ID35688 → ID36106,8,35688,36106,0.06469665577941508,0.8142679297628789,0.5832268480402307,0.5832268480402307,5.5,400.3147076425568,309.79459619431293,0.0,
ID36106 → ID35709,8,36106,35709,0.08835452208863248,1.4518142219374184,0.9585812463923027,0.9585812463923027,6.5,399.78509134424985,309.5348930377696,0.0,
ID35648 → ID35678,8,35648,35678,0.06128461991748335,0.9014498635842986,0.5138613336576013,0.5138613336576013,2.5,399.44316492549603,310.98626671154227,0.0,
ID35718 → ID35688,8,35718,35688,0.04086257082981637,0.3796468976279343,0.12648164419701,0.12648164419701,4.5,400.32814657461495,310.13249295933315,0.0,
ID36059 → ID36043,9,36059,36043,0.05311300224693982,1.918067219393261,0.5149204358415007,0.5149204358415007,38.5,82.9250561939754,218.02879220303646,0.0,
ID35643 → ID35667,9,35643,35667,0.05849142313266076,1.6394050480056686,0.3884782304057483,0.3884782304057483,2.5,73.52348066782292,221.8422074186974,0.0,
ID35819 → ID35840,9,35819,35840,0.0760837078091906,1.2371543870879809,0.42804676066974356,0.42804676066974356,20.5,78.66492568104741,220.5877780461378,0.0,
ID35877 → ID35876,9,35877,35876,0.11887364106219744,2.0372140553615425,1.1338958572494018,1.1338958572494018,24.5,78.99923509382928,219.1039111494088,0.0,
ID35764 → ID35775,9,35764,35775,0.08129259922388432,1.8703566871638777,0.6738807354816507,0.6738807354816507,16.5,78.63230674785449,222.6155856512788,0.0,
ID35840 → ID35854,9,35840,35854,0.07093464198081956,1.093358275992511,0.3476946982601841,0.3476946982601841,21.5,78.90494850514264,220.3584051202688,0.0,
ID35775 → ID35794,9,35775,35794,0.05668416177834101,2.9466314723851807,0.3987869614723064,0.3987869614723064,17.5,78.77876631079478,222.61180308422303,0.0,
ID35743 → ID35796,9,35743,35796,0.13793103448275867,1.7120289405951508,1.126892827275578,1.126892827275578,14.5,78.1063687068779,222.5013125844081,0.0,
ID35942 → ID35954,9,35942,35954,0.0699616339426703,0.922356014071974,0.4906043921540937,0.4906043921540937,30.5,81.34961795209489,218.15306710304282,0.0,
ID35876 → ID35930,9,35876,35930,0.07617964752700401,2.104287185517424,0.8196723652816487,0.8196723652816487,25.5,79.18657940953443,218.6370360832117,0.0,
ID35705 → ID35683,9,35705,35683,0.10201866724549302,0.639853792111899,0.763630400341203,0.763630400341203,4.5,75.16981033995606,221.5212160567267,0.0,
ID35723 → ID35830,9,35723,35830,0.11947904869761983,2.001615085665856,1.131836589746567,1.131836589746567,10.5,76.51977901814858,223.1329432693563,0.0,
ID35973 → ID36004,9,35973,36004,0.10468953276003079,1.7506446580916903,0.8082067154270023,0.8082067154270023,33.5,82.53638401997762,217.72863723897265,0.0,
ID36066 → ID36081,9,36066,36081,0.07945516458570001,1.2374265106659275,0.6171074919426001,0.6171074919426001,40.5,83.15418004430175,217.14459347053514,0.0,
ID35683 → ID36101,9,35683,36101,0.06892124536780386,0.8642004660892202,0.34961562201449004,0.34961562201449004,5.5,75.6571800801841,221.36159590978286,0.0,
ID35970 → ID35973,9,35970,35973,0.06783648661896036,1.5971670243709848,0.4090161391404245,0.4090161391404245,32.5,82.14056245331261,217.86604960769384,0.0,
ID36090 → ID35661,9,36090,35661,0.14747179272879762,NaN,1.2233293115368167,1.2233293115368167,0.5,73.7356490661513,222.38747820740326,0.0,
ID35857 → ID35877,9,35857,35877,0.04291914126180685,2.95678100257438,0.213569678031874,0.213569678031874,23.5,79.28733738350456,219.54592960820577,0.0,
ID35796 → ID35764,9,35796,35764,0.09294827039034026,2.769629601798827,0.7349741643508847,0.7349741643508847,15.5,78.31223594920927,222.34530632137,0.0,
ID35854 → ID35857,9,35854,35857,0.10858027857792085,0.32525324197903427,0.8350446655104371,0.8350446655104371,22.5,79.14802316193166,219.82640746160703,0.0,
ID35733 → ID35754,9,35733,35754,0.06185992975828125,1.5678100185870438,0.1785425170196565,0.1785425170196565,12.5,77.5325036939336,222.91276570582653,0.0,
ID35667 → ID35705,9,35667,35705,0.13730921654663286,1.685889209367868,1.3396759197247654,1.3396759197247654,3.5,74.18158692055837,221.68915584517126,0.0,
ID36004 → ID35991,9,36004,35991,0.14675413633121792,0.020869591802266572,1.2067625520452618,1.2067625520452618,34.5,83.22179786566227,216.9903101067169,0.0,
ID36024 → ID36059,9,36024,36059,0.1272914521112284,0.3307018201552936,1.1016250642772385,1.1016250642772385,37.5,83.08501337784521,217.5312310304015,0.0,
ID35660 → ID35707,9,35660,35707,0.12587019196962623,1.795047818913323,1.2275428316562642,1.2275428316562642,8.5,76.02730062461228,222.09559802205206,0.0,
ID35930 → ID35907,9,35930,35907,0.04371751757871667,0.7951671848245847,0.027776381363165174,0.027776381363165174,26.5,79.6035326359325,218.68477605273938,0.0,
ID35919 → ID35942,9,35919,35942,0.0561655314668692,1.0604076420694921,0.4155187122184778,0.4155187122184778,29.5,81.06906279465213,218.4466391013809,0.0,
ID35895 → ID35919,9,35895,35919,0.04810069678579454,0.34424060647470917,0.475932235047074,0.475932235047074,28.5,80.78500312599897,218.70626600129566,0.0,
ID35795 → ID35819,9,35795,35819,0.16161616161616166,0.4132041705942717,1.4644571738034537,1.4644571738034537,19.5,78.41917583283855,221.37785090588278,0.0,
ID35830 → ID35733,9,35830,35733,0.048918666636682984,0.5881126417186623,0.4836147050038399,0.4836147050038399,11.5,77.27811542552958,222.9558434215558,0.0,
ID35794 → ID35795,9,35794,35795,0.06647671619212336,1.6998443947515325,0.6367241944071923,0.6367241944071923,18.5,78.49089199169416,222.40710274477266,0.0,
ID36101 → ID35694,9,36101,35694,0.04248723559445533,2.1087410161972047,0.22081442983073263,0.22081442983073263,6.5,75.74393517080273,221.4858676781368,0.0,
ID35754 → ID35743,9,35754,35743,0.05550233593209142,1.9023770703416336,0.401863695030001,0.401863695030001,13.5,77.72359579531386,222.9249367835585,0.0,
ID35707 → ID35723,9,35707,35723,0.081582804103567,0.012036340959858522,0.6456238111802496,0.6456238111802496,9.5,76.00822091933203,223.03197165419385,0.0,
ID35694 → ID35660,9,35694,35660,0.07089712936423853,2.6022187000505834,0.38255005696618244,0.38255005696618244,7.5,75.85010730059356,221.52141133278602,0.0,
ID36023 → ID36024,9,36023,36024,0.07537913577203859,0.860784028933331,0.49650723998067203,0.49650723998067203,36.5,83.5879606506322,216.92235335198217,0.0,
ID35907 → ID35895,9,35907,35895,0.07810703439088629,0.7517867226422872,0.9440992467040297,0.9440992467040297,27.5,80.08447969521467,218.7207128172712,0.0,
ID35991 → ID36023,9,35991,36023,0.03440370867224829,1.9861438252474952,0.16121848204193182,0.16121848204193182,35.5,83.66730366333636,216.625838328792,0.0,
ID35661 → ID35643,9,35661,35643,0.08949356271703146,2.4850641176234363,0.6417198864966055,0.6417198864966055,1.5,73.85241394861293,221.99692543025697,0.0,
ID36043 → ID36066,9,36043,36066,0.10244183178492039,1.7220597481885267,0.8504796723142607,0.8504796723142607,39.5,83.28067720455596,217.73272938246404,0.0,
ID35954 → ID35970,9,35954,35970,0.07420420383269033,0.29352492447996636,0.565642590289238,0.565642590289238,31.5,81.79631745705673,217.88206989327844,0.0,
ID35738 → ID35759,10,35738,35759,0.17171198229533446,0.3463141807976727,1.687085735518466,1.687085735518466,12.5,390.4024300883543,320.4931570098755,0.0,
ID35717 → ID35728,10,35717,35728,0.31274385371127145,NaN,3.063380096905083,3.063380096905083,9.5,385.8400619118924,323.0695922243081,0.0,
ID35728 → ID35835,10,35728,35835,0.2102671870309092,0.6696134955172568,1.3684018817273087,1.3684018817273087,10.5,387.79178248039926,322.2643842602325,0.0,
ID35835 → ID35738,10,35835,35738,0.17916612882408833,0.9412235578831749,1.8447688398149305,1.8447688398149305,11.5,389.0720166754776,321.61392081320713,0.0,
ID36033 → ID36034,11,36033,36034,0.1268745191753835,0.512277921386868,1.2260143816668503,1.2260143816668503,36.5,378.55436908307036,302.68598419189004,0.0,
ID35979 → ID35981,11,35979,35981,0.1680531266247055,2.234595415777929,2.398158678816019,2.398158678816019,32.5,382.71980148882176,298.9074515784827,0.0,
ID35938 → ID35914,11,35938,35914,0.1995993872982249,0.17561964620127207,2.147156264453975,2.147156264453975,26.5,374.953696406203,301.06189333972975,0.0,
ID35810 → ID35824,11,35810,35824,0.1684977758722075,1.338365245972192,1.2607253685331707,1.2607253685331707,19.5,369.16408962772476,305.44915913544503,0.0,
ID35958 → ID35979,11,35958,35979,0.04973704594561423,0.8073005649124112,0.2383502029560041,0.2383502029560041,31.5,383.6289074916787,298.23705284629625,0.0,
ID35924 → ID35947,11,35924,35947,0.19070845461640673,0.37914226800017836,2.247535477137701,2.247535477137701,29.5,381.47269725522244,298.942769136561,0.0,
ID35781 → ID35809,11,35781,35809,0.4040684234858992,1.1219443649601173,3.318612225256033,3.318612225256033,17.5,367.9755508256495,304.44169529981446,0.0,
ID35750 → ID35811,11,35750,35811,0.6573181419807187,NaN,7.289833791682296,7.289833791682296,14.5,382.10132396957346,306.98989294898627,0.0,
ID35864 → ID35867,11,35864,35867,0.11806981519505777,0.760901656536403,0.6867745318163043,0.6867745318163043,22.5,370.42196321716995,302.1866928443261,0.0,
ID35901 → ID35924,11,35901,35924,0.17118748477573142,0.5066526512688786,2.3808771007475547,2.3808771007475547,28.5,379.4249750266225,299.92885898889756,0.0,
ID35887 → ID35938,11,35887,35938,0.17190885809969225,0.10494703544883963,1.9802364399145522,1.9802364399145522,25.5,372.9369959558801,301.46071877574025,0.0,
ID35811 → ID35769,11,35811,35769,0.5604643663334273,0.32967692622544914,5.7903596124323204,5.7903596124323204,15.5,376.472672626247,303.8348080718059,0.0,
ID35981 → ID36009,11,35981,36009,0.1010950642755074,0.05058769093610305,1.3454482409768653,1.3454482409768653,33.5,381.10909477208645,299.8599263533132,0.0,
ID35809 → ID35810,11,35809,35810,0.266390041493776,1.8485785840841575,1.5192508183135274,1.5192508183135274,18.5,368.24658390386196,306.0434373975156,0.0,
ID36077 → ID36089,11,36077,36089,0.05318737373010829,2.388246385934399,0.21153971940198987,0.21153971940198987,40.5,378.2414458104763,304.63444172034406,0.0,
ID35769 → ID35781,11,35769,35781,0.5368067226890828,0.8448766998162215,5.850438860385485,5.850438860385485,16.5,371.356316788169,302.4185565621441,0.0,
ID36034 → ID36069,11,36034,36069,0.16538669551107266,0.23446752017084674,1.6395894660986066,1.6395894660986066,37.5,378.479938839379,304.10720925426284,0.0,
ID35886 → ID35887,11,35886,35887,0.11416404745006592,0.36035478169996543,1.281341526854804,1.281341526854804,24.5,371.3571395096443,301.856377953727,0.0,
ID35947 → ID35958,11,35947,35958,0.08841934994695222,0.19882662371788523,1.0637170993418301,1.0637170993418301,30.5,383.03882645430133,298.4281938212389,0.0,
ID36069 → ID36047,11,36069,36047,0.0771741160330347,1.7558402283517542,0.3612154147656467,0.3612154147656467,38.5,378.34029212341545,304.9013741353184,0.0,
ID35824 → ID35845,11,35824,35845,0.13111509889699868,0.44233042920394317,1.4918683593846331,1.4918683593846331,20.5,369.80025789147925,304.26637684576616,0.0,
ID35845 → ID35864,11,35845,35864,0.10644642334816523,0.44372533682353926,1.2466353251824893,1.2466353251824893,21.5,370.4338179411639,303.0901971368796,0.0,
ID35867 → ID35886,11,35867,35886,0.07670386104695748,2.2583531837435795,0.4799851478365117,0.4799851478365117,23.5,370.4908402123217,301.9294701227485,0.0,
ID35914 → ID35901,11,35914,35901,0.21365607947390997,0.015180734868637748,2.463972200985958,2.463972200985958,27.5,377.24286109456125,300.7879468859446,0.0,
ID36047 → ID36077,11,36047,36077,0.051502208486990164,2.0404284631552594,0.3218061333959848,0.3218061333959848,39.5,378.25312832032716,304.7445034153406,0.0,
ID36009 → ID36001,11,36009,36001,0.10811875615590572,0.2464191489758399,1.5759822448423861,1.5759822448423861,34.5,379.9416300644615,300.7193963932083,0.0,
ID36001 → ID36033,11,36001,36033,0.08884155309705177,0.1239275302354634,1.0818030900114723,1.0818030900114723,35.5,379.01603907197796,301.6695013467339,0.0,
ID35813 → ID35825,12,35813,35825,0.22700075651634732,0.37433458204693204,3.084140248920581,3.084140248920581,19.5,417.6812086603513,318.7894901288141,0.0,
ID35866 → ID35868,12,35866,35868,0.09637706647905186,0.805499731437403,0.8642961904208998,0.8642961904208998,22.5,419.7135995457938,314.59579354886637,0.0,
ID35948 → ID35960,12,35948,35960,0.10243888476671204,0.8623426908491822,1.264338434886579,1.264338434886579,30.5,412.3718083663822,317.7008584194672,0.0,
ID35982 → ID35984,12,35982,35984,0.062050287199583054,0.3132731454891514,0.45893290363409955,0.45893290363409955,32.5,411.6614744217117,316.5948979147827,0.0,
ID35812 → ID35813,12,35812,35813,0.2799476733320875,0.2242396937174217,3.0988459208829946,3.0988459208829946,18.5,415.96507719173815,321.29574371999416,0.0,
ID35925 → ID35948,12,35925,35948,0.15586034912716862,0.9733136172514073,1.5696027743599477,1.5696027743599477,29.5,413.270403977947,316.7769007903163,0.0,
ID36010 → ID36003,12,36010,36003,0.16854366681477906,0.09361064188164482,1.6861179650019498,1.6861179650019498,34.5,410.9844992230261,315.2414857827082,0.0,
ID35984 → ID36010,12,35984,36010,0.0660671829133509,0.800474505118911,0.49440329384363646,0.49440329384363646,33.5,411.55672153506515,316.1685267477366,0.0,
ID35783 → ID35812,12,35783,35812,0.19653103594836574,1.6175741923523368,1.4332553690592005,1.4332553690592005,17.5,414.91544013438704,323.29014800364587,0.0,
ID35960 → ID35982,12,35960,35982,0.11299349568897821,1.7512149910171797,1.0884158980290728,1.0884158980290728,31.5,411.6964833317694,317.35987561009154,0.0,
ID35770 → ID35783,12,35770,35783,0.4866776108094456,1.4380855659690954,4.290047199750491,4.290047199750491,16.5,412.8271232735518,322.50921631278777,0.0,
ID36003 → ID36035,12,36003,36035,0.1819833899721801,0.5414718250044716,1.723435206940212,1.723435206940212,35.5,410.5653305216532,313.65317953519866,0.0,
ID35846 → ID35866,12,35846,35866,0.10628932267058333,0.5422976796180489,1.120555254429084,1.120555254429084,21.5,419.96920305119875,315.47374091831057,0.0,
ID35825 → ID35846,12,35825,35846,0.1551751076984913,0.18123659680331156,2.0318162408983578,2.0318162408983578,20.5,419.35378729983046,316.86740365949004,0.0,
ID36036 → ID36073,12,36036,36073,0.17113477781858244,1.0151844130742533,2.349039056599747,2.349039056599747,37.5,412.06485704276554,310.5323080919745,0.0,
ID35903 → ID35925,12,35903,35925,0.13439556633183236,0.49797503775534546,1.8781141016842218,1.8781141016842218,28.5,414.4875328540315,315.85737560358876,0.0,
ID35916 → ID35903,12,35916,35903,0.15847165674914387,0.37946091446590957,1.9138660706671569,1.9138660706671569,27.5,416.1348350131191,315.0431868477142,0.0,
ID35888 → ID35889,12,35888,35889,0.0865114146256949,2.9446604443870887,0.9964258081600533,0.9964258081600533,24.5,419.4346755100154,314.40359543107934,0.0,
ID35752 → ID35814,12,35752,35814,0.4123676118892907,NaN,3.916044583155322,3.916044583155322,14.5,404.6370248814834,324.7633549328172,0.0,
ID36048 → ID36079,12,36048,36079,0.05843454406506543,0.8051687305840705,0.4371539632399988,0.4371539632399988,39.5,414.8831121364016,310.06664388243337,0.0,
ID35814 → ID35770,12,35814,35770,0.5193942464674148,1.2109039874688978,6.542400683142965,6.542400683142965,15.5,408.7796210108442,323.3904379478414,0.0,
ID35940 → ID35916,12,35940,35916,0.11605281445448223,0.7805409392686933,1.5902396511963757,1.5902396511963757,26.5,417.6164522425005,314.16783040625023,0.0,
ID36035 → ID36036,12,36035,36036,0.18363194854628961,0.19621234541686355,1.896814008801501,1.896814008801501,36.5,410.76755032018247,311.86312501724615,0.0,
ID36073 → ID36048,12,36073,36048,0.1212349397590361,0.220914268525565,1.5572765831802806,1.5572765831802806,38.5,413.94046555722196,310.029846473557,0.0,
ID35868 → ID35888,12,35868,35888,0.07546232208139769,2.9095463643724724,0.5704230252266808,0.5704230252266808,23.5,419.657644389632,314.43747013407153,0.0,
ID35889 → ID35940,12,35889,35940,0.07059927289788026,0.053557712823790904,0.674761252212118,0.674761252212118,25.5,418.6727995181895,314.06113449994336,0.0,
ID36079 → ID36091,12,36079,36091,0.11536264991433465,1.0089808419392297,1.4809401129283024,1.4809401129283024,40.5,415.7534550626365,309.96168064973375,0.0,
ID35837 → ID35848,13,35837,35848,0.1050161435276118,1.3956303076405459,0.3996025653712763,0.3996025653712763,21.5,153.01741110923393,37.5450409552408,0.0,
ID35848 → ID35851,13,35848,35851,0.19031010690727168,1.4323447380256695,2.1306920732114327,2.1306920732114327,22.5,152.7119774091005,38.61291069449723,0.0,
ID35816 → ID35837,13,35816,35837,0.20890468935161677,NaN,2.107745707577786,2.107745707577786,20.5,152.1174358091302,38.18847242949528,0.0,
ID35870 → ID35927,14,35870,35927,0.15912272515165815,NaN,1.5853019636771528,1.5853019636771528,25.5,151.70790862637415,41.16311764843124,0.0,
ID35890 → ID35911,15,35890,35911,0.1280116272569728,2.251296193654755,0.5660502948224723,0.5660502948224723,28.5,164.9113258185722,32.08371443907676,0.0,
ID35911 → ID35933,15,35911,35933,0.20190779014308424,2.6104902462424224,1.454756381184579,1.454756381184579,29.5,165.39815712647274,31.95271296006673,0.0,
ID35961 → ID35963,15,35961,35963,0.1335676625659047,2.885079464890653,0.5910239154286326,0.5910239154286326,32.5,166.38888198695537,27.229014838043902,0.0,
ID35994 → ID35986,15,35994,35986,0.18583081075438745,1.1891481331239002,0.5095136574986561,0.5095136574986561,34.5,166.09722148185122,26.663097809201815,0.0,
ID36013 → ID36050,15,36013,36050,0.06812262071729047,1.1790255751690488,0.05603781378525256,0.05603781378525256,37.5,165.3065773440727,26.137358529533252,0.0,
ID36050 → ID36038,15,36050,36038,0.14701586992503235,2.0389648264938476,1.5061262335801828,1.5061262335801828,38.5,165.24011232481723,25.399504443097648,0.0,
ID35986 → ID36014,15,35986,36014,0.13275033269058312,0.6294207373543376,0.8710372394020011,0.8710372394020011,35.5,165.5774181204625,26.258423684200025,0.0,
ID35902 → ID35890,15,35902,35890,0.5363321799307958,NaN,5.046335935503277,5.046335935503277,27.5,162.76769100017893,33.05977142601539,0.0,
ID35963 → ID35994,15,35963,35994,0.1019830028328621,3.0923347072474248,0.7970090510854644,0.7970090510854644,33.5,166.3909661137157,27.124665420147558,0.0,
ID36038 → ID36056,15,36038,36056,0.09213510949807746,0.608125149043986,0.6679594762042099,0.6679594762042099,39.5,164.9920272262666,24.38464700574439,0.0,
ID35933 → ID35949,15,35933,35949,0.3439029817534487,1.5759405363592258,3.375144659444531,3.375144659444531,30.5,166.15956555638343,30.28399860756556,0.0,
ID36056 → ID36071,15,36056,36071,0.17541766109785206,0.8533501950052658,1.9497406297809103,1.9497406297809103,40.5,164.96944633603556,23.164185165287037,0.0,
ID35949 → ID35961,15,35949,35961,0.19624819624819623,0.06705173782042251,1.6654042160128757,1.6654042160128757,31.5,166.26648198995366,27.767247409431782,0.0,
ID36014 → ID36013,15,36014,36013,0.07980505635089752,2.5944448631656307,0.20546008481017983,0.20546008481017983,36.5,165.31726374570445,26.021503436426116,0.0,
ID35998 → ID35988,16,35998,35988,0.17755443886097155,1.1435093538483183,1.6187529235352707,1.6187529235352707,34.5,137.09182965653844,50.0517106919752,0.0,
ID36040 → ID36060,16,36040,36060,0.08012525326948061,0.30717445840654806,0.5128698904311205,0.5128698904311205,39.5,136.03721451299543,50.340307125972174,0.0,
ID35915 → ID35937,16,35915,35937,0.27753303964757714,2.905367742763074,2.8969337010412066,2.8969337010412066,29.5,142.58004483522618,48.56397451777417,0.0,
ID36060 → ID36076,16,36060,36076,0.12427423611518551,2.2457194486881553,1.0888612778495,1.0888612778495,40.5,136.05172305623762,49.90731205299019,0.0,
ID35904 → ID35892,16,35904,35892,0.2212264150943427,NaN,1.7345223678928254,1.7345223678928254,27.5,143.01515335806522,46.99273373674715,0.0,
ID35988 → ID36018,16,35988,36018,0.08344424512470383,1.049129349290932,0.5050088969341553,0.5050088969341553,35.5,136.91718515319184,50.99618674075285,0.0,
ID36017 → ID36052,16,36017,36052,0.11170966827332007,0.38731165331572653,0.79514384172937,0.79514384172937,37.5,135.98673220660098,50.40764168871227,0.0,
ID35937 → ID35951,16,35937,35951,0.37852718513420514,2.2226349567292516,3.1621230029233987,3.1621230029233987,30.5,141.37653648355703,49.172897160340085,0.0,
ID35951 → ID35964,16,35951,35964,0.25105868118572106,0.4118573683264666,2.2101630618647476,2.2101630618647476,31.5,139.40468951514518,47.43077834710168,0.0,
ID35964 → ID35967,16,35964,35967,0.2570093457943925,2.3268285821180243,2.110035559906738,2.110035559906738,32.5,138.55638336358192,47.55310040402382,0.0,
ID35892 → ID35915,16,35892,35915,0.2253305946459757,2.39918730907695,0.7049238538573376,0.7049238538573376,28.5,142.55488768075867,47.45539418792947,0.0,
ID36052 → ID36040,16,36052,36040,0.08677214157560265,3.1261780092783447,0.16217508838698508,0.16217508838698508,38.5,135.71766823020272,50.24098456383347,0.0,
ID36018 → ID36017,16,36018,36017,0.0969507640067876,1.5066882619713295,0.6405929263033223,0.6405929263033223,36.5,136.51498933443827,50.87391905682673,0.0,
ID35967 → ID35998,16,35967,35998,0.18207634849058363,0.8858937153393928,1.4413648426011814,1.4413648426011814,33.5,137.69482222383948,48.914029286368404,0.0,
ID36037 → ID36054,17,36037,36054,0.27388963660834476,0.014259819810387559,0.5886270445650593,0.5886270445650593,39.5,99.56052558009506,0.26521293448886407,0.0,
ID35992 → ID35985,17,35992,35985,0.21304347826086933,NaN,0.3738273203692911,0.3738273203692911,34.5,98.66609589041096,0.03160673515981735,0.0,
ID36054 → ID36070,17,36054,36070,0.1956762749445674,1.3748130190273646,0.23642146083318352,0.23642146083318352,40.5,99.79771908763504,0.5058023209283713,0.0,
ID36012 → ID36011,17,36012,36011,0.27165685449958044,2.8920034215595174,0.9433051908108707,0.9433051908108707,36.5,99.03968253968253,0.06838981838981839,0.0,
ID35985 → ID36012,17,35985,36012,0.1911402789171449,2.0662307636614514,0.9182188856664206,0.9182188856664206,35.5,99.04109589041096,0.18490065407873627,0.0,
ID36049 → ID36037,17,36049,36037,0.07967770814682185,0.2340055101891425,0.1405257642362891,0.1405257642362891,38.5,99.23059360730593,0.11011089367253751,0.0,
ID36011 → ID36049,17,36011,36049,0.21775544388609713,3.1158406450138445,0.5985209881481504,0.5985209881481504,37.5,98.87301587301587,0.023280423280423283,0.0,
